modified,created,deleted,renamed,total,mod_ratio,rename_ratio,rate,label
8,1,1,4,17,0.459,0.367,6.348,wannacry
22,2,8,2,37,0.576,0.109,7.616,lockbit
23,1,10,2,39,0.623,0.122,7.693,lockbit
20,2,16,13,57,0.435,0.235,9.907,petya
13,0,1,3,17,0.69,0.121,4.272,ryuk
19,1,16,12,50,0.385,0.233,9.874,petya
23,2,9,3,35,0.595,0.097,8.396,lockbit
18,2,14,12,47,0.431,0.265,10.414,petya
23,1,17,14,54,0.421,0.278,10.393,petya
0,0,1,0,2,0.344,0.022,0.622,normal
3,0,0,0,4,0.302,0.057,0.589,normal
19,3,3,15,40,0.472,0.353,6.184,wannacry
14,3,0,11,30,0.529,0.344,5.925,wannacry
8,3,0,8,20,0.527,0.329,6.158,wannacry
20,0,1,4,26,0.682,0.151,4.38,ryuk
0,0,1,1,2,0.258,0.04,1.366,normal
18,2,2,4,29,0.658,0.125,4.091,ryuk
14,0,3,3,20,0.698,0.179,4.374,ryuk
15,3,1,12,32,0.513,0.345,5.667,wannacry
21,1,10,2,36,0.603,0.103,8.478,lockbit
11,2,2,9,23,0.478,0.366,6.152,wannacry
32,3,13,4,50,0.616,0.107,7.783,lockbit
22,1,10,3,40,0.551,0.085,7.907,lockbit
15,2,0,9,28,0.517,0.326,5.512,wannacry
17,3,11,11,43,0.448,0.24,10.376,petya
14,2,1,10,28,0.514,0.363,6.477,wannacry
17,1,3,5,27,0.654,0.172,4.178,ryuk
1,0,1,0,2,0.346,0.051,1.178,normal
14,3,1,11,30,0.516,0.378,6.062,wannacry
11,1,1,5,18,0.473,0.345,5.741,wannacry
19,1,9,3,32,0.618,0.12,7.647,lockbit
10,0,1,5,19,0.517,0.362,5.704,wannacry
18,2,1,11,36,0.457,0.326,6.499,wannacry
23,1,4,5,30,0.668,0.138,4.217,ryuk
1,0,0,0,6,0.286,0.077,1.0,normal
19,3,14,11,48,0.359,0.233,10.344,petya
12,3,1,8,23,0.545,0.365,5.945,wannacry
18,2,2,14,39,0.5,0.362,6.034,wannacry
13,3,2,9,25,0.454,0.355,5.898,wannacry
2,1,0,0,7,0.277,0.066,0.95,normal
2,1,1,0,8,0.288,0.022,0.531,normal
23,2,8,3,38,0.596,0.119,8.43,lockbit
21,2,16,14,55,0.372,0.263,9.585,petya
18,4,2,12,35,0.549,0.365,5.749,wannacry
15,0,1,3,19,0.712,0.123,4.113,ryuk
0,1,0,0,7,0.29,0.038,0.566,normal
20,0,1,4,28,0.726,0.178,3.615,ryuk
1,0,0,1,8,0.255,0.065,0.818,normal
2,1,1,0,4,0.264,0.077,0.946,normal
17,1,13,12,49,0.446,0.267,10.224,petya
13,0,0,1,16,0.678,0.166,3.851,ryuk
8,2,6,6,26,0.366,0.237,9.83,petya
14,0,5,3,23,0.554,0.12,7.948,lockbit
16,0,8,3,31,0.64,0.103,8.368,lockbit
24,3,10,3,40,0.64,0.097,8.051,lockbit
5,0,0,4,15,0.481,0.341,6.121,wannacry
0,1,0,1,3,0.29,0.022,0.976,normal
0,0,0,1,4,0.254,0.078,1.299,normal
7,0,0,2,14,0.666,0.139,3.725,ryuk
18,2,9,4,33,0.578,0.086,8.019,lockbit
12,0,1,3,18,0.652,0.15,4.088,ryuk
9,0,7,7,29,0.392,0.23,9.616,petya
22,1,15,13,50,0.38,0.223,9.503,petya
27,1,11,5,42,0.552,0.097,7.833,lockbit
21,2,2,5,28,0.719,0.123,3.785,ryuk
22,1,11,5,40,0.601,0.102,8.062,lockbit
2,0,1,1,3,0.266,0.052,0.985,normal
16,4,2,13,36,0.508,0.36,5.517,wannacry
15,0,7,2,29,0.573,0.123,7.52,lockbit
0,0,1,0,1,0.267,0.063,1.326,normal
13,1,12,8,39,0.431,0.273,9.745,petya
15,2,2,3,20,0.723,0.17,4.215,ryuk
19,2,8,3,33,0.599,0.12,7.664,lockbit
14,0,1,4,20,0.667,0.131,4.172,ryuk
17,3,13,10,46,0.397,0.233,10.448,petya
16,3,1,11,30,0.484,0.372,5.513,wannacry
17,0,6,3,29,0.632,0.121,8.428,lockbit
25,2,9,3,43,0.554,0.113,8.038,lockbit
3,0,1,0,7,0.332,0.048,0.858,normal
28,3,10,3,44,0.619,0.094,8.375,lockbit
14,1,13,10,41,0.412,0.252,10.262,petya
13,1,9,7,32,0.443,0.251,9.806,petya
10,1,1,7,18,0.506,0.355,5.634,wannacry
10,3,2,7,20,0.494,0.352,6.374,wannacry
13,1,10,8,33,0.377,0.238,9.86,petya
25,3,17,16,60,0.426,0.239,9.603,petya
21,0,8,4,39,0.617,0.084,8.244,lockbit
2,1,1,0,7,0.296,0.055,0.9,normal
9,1,0,6,21,0.515,0.335,6.15,wannacry
18,3,11,9,43,0.436,0.275,10.326,petya
4,0,1,0,8,0.263,0.073,0.95,normal
9,1,1,6,16,0.508,0.363,5.624,wannacry
0,0,0,0,1,0.335,0.074,0.562,normal
2,1,0,1,7,0.33,0.021,1.463,normal
1,0,0,0,2,0.299,0.04,1.133,normal
9,0,0,3,17,0.705,0.126,3.632,ryuk
20,4,0,11,37,0.53,0.346,6.495,wannacry
19,1,4,5,30,0.661,0.168,3.753,ryuk
22,0,10,3,38,0.636,0.111,7.687,lockbit
0,0,0,1,7,0.307,0.066,0.544,normal
0,0,0,0,5,0.338,0.039,0.622,normal
16,1,14,10,45,0.422,0.259,10.065,petya
2,1,0,1,2,0.342,0.078,1.444,normal
15,1,0,8,26,0.469,0.36,6.382,wannacry
0,1,1,1,6,0.308,0.041,0.891,normal
19,1,11,11,43,0.385,0.26,10.451,petya
1,0,0,0,6,0.299,0.054,1.338,normal
7,0,2,0,13,0.741,0.125,4.27,ryuk
17,1,15,10,47,0.364,0.255,9.701,petya
2,0,0,0,1,0.258,0.036,1.307,normal
22,1,9,4,41,0.582,0.098,8.443,lockbit
12,3,0,10,29,0.492,0.356,6.014,wannacry
0,0,0,1,3,0.324,0.076,1.426,normal
10,1,2,9,24,0.519,0.364,5.547,wannacry
25,4,18,15,60,0.446,0.241,9.606,petya
11,2,8,7,25,0.421,0.261,10.087,petya
16,3,13,11,41,0.403,0.245,10.102,petya
10,3,1,7,23,0.517,0.363,5.993,wannacry
23,2,10,3,38,0.619,0.08,7.772,lockbit
1,0,1,1,1,0.346,0.075,1.222,normal
17,3,2,12,38,0.493,0.337,5.629,wannacry
26,3,9,5,41,0.572,0.117,7.701,lockbit
2,0,0,0,3,0.288,0.04,0.519,normal
22,1,10,3,40,0.581,0.083,8.348,lockbit
14,0,7,3,24,0.565,0.102,8.076,lockbit
11,3,1,8,20,0.509,0.356,6.183,wannacry
13,0,9,8,36,0.392,0.262,10.256,petya
23,4,17,16,60,0.351,0.237,9.619,petya
10,0,2,1,16,0.749,0.165,4.24,ryuk
20,0,1,5,28,0.715,0.147,4.469,ryuk
15,0,2,1,19,0.719,0.171,4.059,ryuk
6,0,0,5,17,0.456,0.343,6.083,wannacry
26,2,10,5,47,0.61,0.09,7.763,lockbit
18,2,16,11,51,0.402,0.27,9.54,petya
13,2,3,2,21,0.677,0.124,3.55,ryuk
21,3,16,13,55,0.372,0.224,10.239,petya
17,2,13,10,44,0.391,0.232,10.245,petya
7,1,1,1,12,0.726,0.16,3.734,ryuk
9,2,0,4,16,0.545,0.373,5.771,wannacry
13,2,1,2,21,0.741,0.142,3.546,ryuk
2,1,1,0,6,0.304,0.06,1.238,normal
23,3,10,5,43,0.578,0.118,7.867,lockbit
3,1,0,1,5,0.301,0.068,0.959,normal
18,4,1,13,37,0.515,0.328,6.15,wannacry
0,1,0,0,4,0.3,0.057,1.369,normal
2,0,0,0,7,0.261,0.051,0.768,normal
0,0,0,0,1,0.298,0.043,0.894,normal
10,2,9,6,30,0.434,0.276,9.637,petya
17,4,1,13,36,0.481,0.346,6.145,wannacry
8,2,0,5,17,0.533,0.337,6.427,wannacry
15,2,1,3,25,0.688,0.14,4.121,ryuk
13,0,2,3,17,0.725,0.146,4.205,ryuk
25,3,10,4,46,0.571,0.099,8.378,lockbit
18,2,9,3,32,0.566,0.11,7.633,lockbit
12,1,5,3,21,0.563,0.093,7.599,lockbit
19,1,3,4,29,0.7,0.175,4.207,ryuk
17,4,1,11,33,0.455,0.364,5.621,wannacry
8,0,0,2,14,0.684,0.121,3.653,ryuk
17,3,1,9,30,0.496,0.376,6.004,wannacry
20,1,13,11,46,0.376,0.226,10.116,petya
18,1,6,3,30,0.628,0.126,8.192,lockbit
21,1,8,3,33,0.584,0.127,8.033,lockbit
10,2,9,8,30,0.384,0.257,9.786,petya
21,1,10,3,38,0.616,0.094,7.78,lockbit
0,0,0,0,5,0.335,0.044,0.578,normal
14,2,4,1,22,0.559,0.113,7.696,lockbit
10,2,5,3,21,0.601,0.129,7.965,lockbit
4,0,0,1,8,0.271,0.077,0.509,normal
21,1,16,15,56,0.371,0.229,9.621,petya
9,1,8,6,27,0.399,0.242,10.372,petya
22,1,4,4,30,0.657,0.122,3.761,ryuk
3,0,1,1,4,0.338,0.076,1.495,normal
17,2,13,12,47,0.439,0.221,10.386,petya
2,0,1,0,1,0.331,0.072,1.413,normal
22,1,17,13,54,0.408,0.261,10.263,petya
10,1,0,2,18,0.684,0.149,3.817,ryuk
15,2,1,12,35,0.456,0.361,5.525,wannacry
14,2,2,2,20,0.68,0.173,4.499,ryuk
8,0,0,2,12,0.711,0.13,4.029,ryuk
13,0,2,3,19,0.715,0.124,3.878,ryuk
9,2,1,4,16,0.483,0.364,5.537,wannacry
8,1,1,1,14,0.722,0.161,4.331,ryuk
0,0,0,0,3,0.328,0.044,1.122,normal
0,1,0,1,1,0.262,0.063,1.261,normal
10,2,0,7,20,0.469,0.35,6.269,wannacry
15,0,1,3,21,0.726,0.165,3.766,ryuk
0,0,0,0,6,0.29,0.053,1.292,normal
14,0,8,8,33,0.39,0.266,9.744,petya
17,2,2,3,23,0.719,0.17,3.915,ryuk
0,1,0,1,3,0.277,0.049,0.544,normal
21,3,17,15,56,0.375,0.255,9.918,petya
13,0,2,3,22,0.671,0.152,4.458,ryuk
17,3,1,13,36,0.532,0.376,6.044,wannacry
9,2,1,9,23,0.544,0.374,5.837,wannacry
16,3,1,13,37,0.54,0.369,6.257,wannacry
22,2,2,4,30,0.692,0.121,3.865,ryuk
18,2,0,12,39,0.465,0.347,5.851,wannacry
25,1,11,4,43,0.567,0.093,8.411,lockbit
11,2,5,3,22,0.58,0.123,8.341,lockbit
19,3,0,13,39,0.511,0.334,5.983,wannacry
17,2,7,3,29,0.564,0.13,8.122,lockbit
2,0,0,0,8,0.338,0.065,0.547,normal
19,3,1,11,36,0.546,0.329,6.08,wannacry
0,0,0,0,5,0.302,0.046,0.791,normal
0,0,1,1,8,0.306,0.072,1.072,normal
11,1,9,8,28,0.443,0.252,10.038,petya
14,1,13,10,42,0.37,0.227,10.343,petya
16,1,3,4,27,0.666,0.127,4.48,ryuk
19,3,16,13,53,0.404,0.251,10.192,petya
19,1,8,4,30,0.597,0.084,8.395,lockbit
19,1,3,5,30,0.694,0.127,4.337,ryuk
14,1,2,8,27,0.509,0.335,6.434,wannacry
0,1,1,0,1,0.276,0.058,0.558,normal
18,2,2,2,23,0.71,0.168,4.292,ryuk
0,0,1,0,6,0.287,0.044,1.195,normal
15,3,13,9,41,0.351,0.252,10.294,petya
0,0,0,0,4,0.332,0.022,1.17,normal
2,0,0,0,5,0.319,0.032,1.036,normal
29,2,11,3,47,0.552,0.092,7.59,lockbit
12,1,0,7,22,0.458,0.377,5.747,wannacry
16,1,8,1,28,0.603,0.089,7.611,lockbit
18,2,15,10,47,0.378,0.226,9.665,petya
11,0,1,1,13,0.693,0.132,3.528,ryuk
20,3,17,15,56,0.378,0.23,9.926,petya
12,2,4,3,23,0.586,0.074,8.489,lockbit
18,0,1,4,24,0.75,0.174,4.013,ryuk
12,0,2,2,19,0.675,0.172,4.393,ryuk
3,0,0,0,7,0.273,0.032,0.641,normal
9,2,7,6,27,0.4,0.248,9.811,petya
17,2,7,4,32,0.552,0.09,8.128,lockbit
16,0,2,2,23,0.708,0.134,3.547,ryuk
9,1,1,1,11,0.706,0.176,3.878,ryuk
0,1,0,0,3,0.304,0.055,1.008,normal
19,1,2,4,26,0.722,0.156,3.825,ryuk
23,0,10,2,39,0.594,0.078,7.602,lockbit
15,3,0,11,32,0.469,0.331,5.684,wannacry
10,0,0,6,18,0.542,0.359,5.603,wannacry
18,2,1,13,38,0.544,0.373,5.603,wannacry
12,2,4,1,22,0.613,0.11,7.626,lockbit
21,2,7,3,35,0.64,0.086,8.211,lockbit
16,2,0,12,37,0.534,0.349,5.834,wannacry
18,3,13,11,48,0.448,0.267,10.397,petya
7,0,2,2,13,0.692,0.17,3.81,ryuk
13,0,9,10,36,0.432,0.275,10.278,petya
0,0,1,0,2,0.309,0.05,1.111,normal
3,1,0,1,4,0.288,0.032,0.979,normal
17,1,13,11,48,0.421,0.249,10.085,petya
14,1,1,8,26,0.548,0.378,5.664,wannacry
21,2,16,11,50,0.393,0.227,9.579,petya
19,5,2,13,40,0.501,0.357,5.978,wannacry
16,0,1,4,24,0.74,0.145,4.025,ryuk
0,0,1,0,2,0.315,0.039,0.899,normal
3,1,1,0,7,0.302,0.079,0.626,normal
2,0,0,0,7,0.259,0.029,0.954,normal
3,0,0,0,7,0.33,0.036,1.325,normal
0,1,1,0,3,0.348,0.027,0.898,normal
0,1,0,1,1,0.252,0.078,1.332,normal
23,1,11,5,42,0.579,0.099,8.473,lockbit
15,1,6,2,27,0.584,0.113,7.787,lockbit
16,3,2,11,29,0.511,0.376,6.162,wannacry
20,1,16,12,52,0.374,0.238,10.06,petya
12,3,2,9,25,0.515,0.333,6.056,wannacry
22,1,15,12,54,0.355,0.239,9.649,petya
19,2,2,11,34,0.48,0.325,6.168,wannacry
10,0,1,2,12,0.699,0.147,3.699,ryuk
11,1,1,3,14,0.722,0.133,3.598,ryuk
0,0,1,1,7,0.301,0.026,0.885,normal
16,2,11,9,35,0.352,0.257,10.231,petya
17,4,2,10,33,0.507,0.331,5.56,wannacry
18,3,1,13,39,0.521,0.338,6.025,wannacry
10,1,4,1,21,0.62,0.109,8.468,lockbit
14,2,0,10,28,0.483,0.326,6.453,wannacry
13,1,9,6,31,0.437,0.22,9.521,petya
0,1,1,0,6,0.286,0.067,0.751,normal
28,1,13,4,48,0.566,0.13,7.68,lockbit
22,3,17,13,55,0.447,0.26,9.654,petya
26,2,17,14,60,0.368,0.222,10.309,petya
15,4,0,12,32,0.492,0.35,6.417,wannacry
12,2,2,8,25,0.508,0.377,5.542,wannacry
8,1,2,3,14,0.662,0.142,3.525,ryuk
20,2,2,12,39,0.52,0.364,6.062,wannacry
21,2,2,4,30,0.716,0.16,3.752,ryuk
15,0,4,2,23,0.586,0.087,8.143,lockbit
11,0,8,6,30,0.396,0.232,9.801,petya
17,1,8,2,31,0.586,0.119,7.795,lockbit
11,2,0,7,23,0.48,0.35,5.556,wannacry
17,2,7,2,29,0.594,0.107,8.27,lockbit
12,2,5,1,23,0.563,0.106,7.534,lockbit
17,3,14,10,46,0.427,0.276,9.642,petya
14,4,2,11,33,0.525,0.334,6.029,wannacry
1,0,0,0,5,0.345,0.074,1.224,normal
11,1,8,7,27,0.371,0.244,9.576,petya
0,0,0,0,2,0.303,0.047,0.584,normal
23,2,16,14,53,0.35,0.257,9.689,petya
0,1,0,0,5,0.286,0.074,1.27,normal
0,0,0,0,7,0.26,0.025,1.201,normal
11,2,8,6,30,0.432,0.261,9.94,petya
22,2,16,13,56,0.447,0.237,10.389,petya
14,2,5,3,21,0.612,0.115,7.947,lockbit
16,0,7,3,25,0.607,0.106,8.023,lockbit
20,1,13,11,46,0.386,0.27,9.544,petya
25,2,10,5,41,0.581,0.076,7.519,lockbit
17,0,3,4,27,0.662,0.177,3.591,ryuk
17,1,12,11,40,0.437,0.277,10.175,petya
6,1,0,1,12,0.657,0.143,4.242,ryuk
13,1,8,9,32,0.35,0.222,10.324,petya
20,3,0,14,39,0.542,0.366,6.092,wannacry
9,0,0,2,14,0.7,0.161,4.292,ryuk
26,2,10,5,44,0.617,0.087,8.086,lockbit
22,0,7,3,34,0.59,0.088,8.182,lockbit
14,3,2,10,30,0.538,0.347,6.484,wannacry
19,4,0,12,35,0.451,0.351,6.269,wannacry
2,0,1,0,6,0.335,0.057,0.589,normal
16,2,6,3,27,0.592,0.111,8.403,lockbit
20,1,16,11,51,0.366,0.269,10.087,petya
7,0,2,1,13,0.735,0.134,3.828,ryuk
19,0,3,3,26,0.736,0.125,3.606,ryuk
23,2,16,15,58,0.371,0.277,9.561,petya
12,2,6,6,26,0.376,0.223,10.465,petya
13,3,0,8,25,0.453,0.347,6.317,wannacry
17,0,7,3,25,0.588,0.115,7.597,lockbit
0,0,1,0,2,0.297,0.031,0.985,normal
14,1,12,9,42,0.374,0.229,10.386,petya
15,4,1,9,30,0.507,0.338,6.438,wannacry
17,4,2,11,34,0.468,0.368,5.834,wannacry
15,1,9,10,36,0.398,0.275,10.469,petya
16,2,11,10,43,0.385,0.245,9.666,petya
27,3,10,5,45,0.567,0.074,7.605,lockbit
0,1,0,0,5,0.306,0.07,0.589,normal
2,0,0,1,4,0.281,0.04,1.23,normal
20,3,3,14,40,0.481,0.347,5.905,wannacry
13,1,1,9,23,0.486,0.345,6.18,wannacry
12,2,0,8,22,0.549,0.334,6.162,wannacry
12,2,5,3,20,0.617,0.087,8.086,lockbit
12,0,1,2,19,0.675,0.149,4.466,ryuk
6,0,1,0,11,0.702,0.149,3.854,ryuk
2,1,0,0,8,0.277,0.021,1.083,normal
2,1,0,0,7,0.345,0.024,1.455,normal
30,3,11,5,50,0.554,0.1,8.044,lockbit
16,2,14,12,45,0.394,0.259,9.84,petya
0,0,1,0,4,0.35,0.053,1.269,normal
12,2,10,9,33,0.411,0.261,9.959,petya
10,1,1,3,14,0.724,0.149,3.623,ryuk
15,4,1,9,30,0.49,0.338,5.643,wannacry
24,1,16,15,57,0.387,0.237,10.412,petya
19,1,12,11,44,0.416,0.271,9.753,petya
0,0,0,0,4,0.309,0.034,0.884,normal
17,2,3,3,23,0.693,0.123,4.017,ryuk
26,2,19,14,60,0.351,0.25,10.498,petya
15,1,1,4,20,0.748,0.121,4.199,ryuk
16,2,7,2,30,0.605,0.08,7.879,lockbit
18,1,3,2,24,0.715,0.133,3.582,ryuk
10,2,2,7,23,0.474,0.363,5.773,wannacry
26,1,11,3,40,0.574,0.075,8.429,lockbit
18,2,8,3,28,0.55,0.084,7.708,lockbit
16,3,13,10,45,0.386,0.245,9.599,petya
17,2,12,12,45,0.41,0.274,9.672,petya
13,0,10,9,34,0.364,0.255,10.388,petya
10,1,8,7,30,0.42,0.22,9.971,petya
9,0,0,2,16,0.673,0.155,4.147,ryuk
0,0,1,0,3,0.314,0.033,1.478,normal
13,2,12,8,38,0.351,0.267,10.151,petya
10,1,2,8,20,0.463,0.332,5.716,wannacry
23,2,10,3,38,0.625,0.073,8.043,lockbit
15,0,5,3,23,0.606,0.112,8.296,lockbit
19,1,15,12,48,0.358,0.244,9.654,petya
10,0,8,8,32,0.361,0.228,10.354,petya
20,4,2,12,38,0.492,0.341,5.683,wannacry
18,1,3,4,29,0.733,0.142,3.6,ryuk
4,0,1,0,8,0.292,0.038,1.261,normal
20,3,14,12,48,0.354,0.231,10.247,petya
0,0,0,0,8,0.267,0.031,1.337,normal
15,0,2,4,23,0.744,0.179,3.589,ryuk
2,1,0,0,1,0.28,0.075,0.611,normal
8,1,1,0,10,0.734,0.126,4.239,ryuk
0,1,1,1,2,0.285,0.026,1.441,normal
10,0,1,1,14,0.683,0.125,4.063,ryuk
14,2,12,10,39,0.445,0.234,9.753,petya
0,0,1,0,5,0.338,0.072,1.306,normal
0,0,0,0,2,0.327,0.051,1.352,normal
6,0,0,4,15,0.519,0.342,6.239,wannacry
11,3,0,8,22,0.472,0.373,6.434,wannacry
25,3,9,3,42,0.585,0.101,8.155,lockbit
15,2,0,8,27,0.488,0.345,6.254,wannacry
11,1,9,5,27,0.423,0.242,9.905,petya
20,1,13,10,47,0.365,0.226,10.073,petya
12,2,1,9,25,0.516,0.355,6.366,wannacry
13,2,2,10,28,0.452,0.37,6.475,wannacry
17,0,8,4,31,0.627,0.1,8.284,lockbit
23,2,17,15,59,0.352,0.226,9.593,petya
0,0,0,0,1,0.328,0.049,0.998,normal
0,1,0,1,1,0.335,0.027,1.376,normal
12,2,2,8,28,0.536,0.339,6.038,wannacry
19,1,2,3,25,0.692,0.16,3.99,ryuk
12,2,3,4,21,0.734,0.148,4.261,ryuk
0,0,0,0,1,0.313,0.035,0.639,normal
13,1,10,8,35,0.386,0.244,10.406,petya
17,0,7,3,27,0.624,0.107,8.303,lockbit
15,0,6,1,29,0.632,0.111,8.201,lockbit
15,2,8,7,33,0.404,0.234,10.244,petya
17,1,1,5,27,0.716,0.139,3.981,ryuk
0,0,0,0,5,0.297,0.023,0.64,normal
2,0,0,0,3,0.258,0.044,0.633,normal
0,1,1,0,5,0.251,0.058,1.413,normal
21,3,16,13,57,0.386,0.256,10.11,petya
16,1,3,4,26,0.679,0.176,4.262,ryuk
12,3,1,8,22,0.529,0.374,5.767,wannacry
16,0,2,2,20,0.711,0.125,3.537,ryuk
16,1,9,9,36,0.413,0.253,9.633,petya
24,2,11,4,42,0.6,0.095,7.669,lockbit
17,2,1,13,38,0.495,0.327,5.706,wannacry
2,1,0,0,2,0.325,0.053,0.558,normal
5,0,2,0,10,0.713,0.131,4.01,ryuk
11,0,0,1,19,0.698,0.177,3.714,ryuk
8,2,0,7,18,0.496,0.345,5.513,wannacry
10,0,7,6,26,0.384,0.232,9.698,petya
0,1,0,0,1,0.277,0.059,0.501,normal
3,1,0,1,7,0.347,0.045,1.484,normal
16,1,14,12,46,0.423,0.227,9.721,petya
0,0,0,0,3,0.349,0.023,1.195,normal
13,2,2,9,30,0.475,0.338,6.03,wannacry
18,0,7,2,32,0.592,0.085,8.367,lockbit
4,1,0,0,7,0.275,0.033,0.988,normal
17,3,2,10,34,0.486,0.341,6.329,wannacry
19,3,0,13,37,0.514,0.371,6.241,wannacry
3,0,1,1,8,0.331,0.06,1.192,normal
16,0,1,2,20,0.735,0.135,4.376,ryuk
14,3,0,11,33,0.46,0.362,5.846,wannacry
24,1,11,3,40,0.608,0.079,7.677,lockbit
18,0,2,4,29,0.744,0.121,4.088,ryuk
2,0,0,0,8,0.321,0.052,1.034,normal
14,1,10,10,36,0.396,0.222,9.992,petya
11,0,0,2,14,0.658,0.176,3.863,ryuk
16,1,1,2,26,0.722,0.163,3.782,ryuk
1,1,0,0,1,0.259,0.04,1.023,normal
11,0,2,0,13,0.731,0.166,3.766,ryuk
24,1,8,4,37,0.554,0.103,8.209,lockbit
23,0,9,3,35,0.609,0.078,7.926,lockbit
22,2,18,15,57,0.425,0.233,9.697,petya
25,3,11,5,45,0.554,0.11,7.787,lockbit
8,0,1,2,14,0.735,0.164,3.712,ryuk
14,1,6,1,21,0.588,0.127,8.374,lockbit
19,4,0,11,35,0.478,0.332,5.517,wannacry
25,3,16,15,58,0.414,0.243,9.926,petya
22,3,16,13,58,0.378,0.263,10.068,petya
22,0,9,2,34,0.615,0.124,8.233,lockbit
13,1,6,1,24,0.595,0.111,7.86,lockbit
22,2,2,4,30,0.726,0.155,3.571,ryuk
20,1,9,2,38,0.635,0.121,7.599,lockbit
0,0,1,0,2,0.324,0.03,1.318,normal
16,2,3,4,26,0.738,0.133,4.307,ryuk
9,1,1,1,15,0.747,0.148,4.074,ryuk
21,2,9,4,34,0.626,0.127,8.388,lockbit
15,3,12,9,41,0.424,0.246,10.388,petya
14,2,1,10,28,0.512,0.358,5.969,wannacry
16,1,12,10,46,0.417,0.264,10.087,petya
14,1,7,3,27,0.605,0.07,7.783,lockbit
21,1,3,5,28,0.729,0.133,3.566,ryuk
1,0,0,0,5,0.35,0.036,1.477,normal
17,2,2,10,33,0.457,0.325,6.101,wannacry
13,1,0,2,19,0.729,0.159,4.109,ryuk
4,0,1,0,7,0.26,0.055,1.188,normal
8,1,0,7,21,0.505,0.374,5.844,wannacry
4,0,0,0,7,0.292,0.054,1.076,normal
19,3,12,10,44,0.445,0.269,9.981,petya
15,0,2,3,24,0.736,0.126,4.334,ryuk
15,1,13,12,44,0.397,0.27,9.951,petya
10,0,1,1,12,0.737,0.176,3.827,ryuk
10,0,0,1,12,0.663,0.156,3.949,ryuk
16,1,1,4,25,0.694,0.135,3.62,ryuk
16,3,11,11,40,0.377,0.28,9.572,petya
14,3,11,10,40,0.402,0.256,9.937,petya
0,1,0,1,5,0.344,0.036,0.93,normal
2,1,0,0,1,0.278,0.071,0.5,normal
11,0,0,1,17,0.725,0.126,3.582,ryuk
12,2,0,6,22,0.502,0.346,6.38,wannacry
18,0,2,3,23,0.672,0.161,4.258,ryuk
1,0,1,0,2,0.311,0.051,0.731,normal
1,0,0,0,4,0.298,0.046,1.437,normal
10,0,2,3,16,0.727,0.128,3.954,ryuk
19,2,1,13,37,0.531,0.333,5.726,wannacry
15,1,1,1,19,0.719,0.173,3.707,ryuk
15,4,2,10,34,0.501,0.346,6.496,wannacry
21,1,3,3,30,0.728,0.17,3.824,ryuk
25,1,10,4,39,0.606,0.127,8.005,lockbit
26,3,10,3,45,0.62,0.091,7.608,lockbit
13,0,11,9,35,0.396,0.229,9.95,petya
20,0,1,3,29,0.693,0.176,3.786,ryuk
16,0,1,4,23,0.75,0.136,4.076,ryuk
17,2,1,3,25,0.695,0.176,4.237,ryuk
18,2,8,4,32,0.579,0.098,7.693,lockbit
13,2,9,8,36,0.429,0.238,10.256,petya
16,4,0,11,32,0.517,0.339,6.398,wannacry
0,1,0,0,6,0.334,0.048,1.479,normal
1,0,1,0,4,0.259,0.056,1.054,normal
15,3,12,11,43,0.445,0.242,9.51,petya
12,1,5,2,22,0.638,0.115,7.518,lockbit
13,3,1,9,28,0.479,0.341,6.065,wannacry
22,1,4,5,30,0.702,0.158,4.078,ryuk
19,0,2,2,26,0.7,0.12,3.61,ryuk
23,2,9,4,35,0.564,0.071,8.067,lockbit
17,2,0,13,38,0.517,0.376,6.119,wannacry
19,2,10,2,36,0.621,0.126,8.412,lockbit
15,2,7,2,24,0.643,0.116,8.158,lockbit
4,0,1,0,7,0.347,0.071,1.338,normal
19,1,7,3,33,0.618,0.08,7.845,lockbit
18,2,14,11,45,0.362,0.231,9.712,petya
18,4,1,11,33,0.544,0.33,5.972,wannacry
22,2,16,14,56,0.441,0.228,10.038,petya
1,1,0,0,5,0.265,0.042,0.568,normal
8,1,0,3,14,0.744,0.162,4.44,ryuk
21,2,7,2,34,0.582,0.13,8.346,lockbit
15,2,6,2,29,0.598,0.101,8.475,lockbit
26,2,12,5,44,0.554,0.125,8.173,lockbit
2,0,0,0,2,0.294,0.026,0.905,normal
0,1,0,1,6,0.256,0.074,1.151,normal
22,0,10,4,38,0.588,0.081,7.852,lockbit
17,3,12,10,43,0.379,0.23,10.292,petya
0,0,0,0,1,0.298,0.061,1.012,normal
17,0,1,4,22,0.67,0.134,4.021,ryuk
16,3,12,9,43,0.437,0.243,9.619,petya
14,2,2,2,23,0.669,0.161,4.033,ryuk
7,1,1,2,12,0.653,0.16,3.905,ryuk
21,3,15,12,54,0.39,0.272,9.681,petya
6,0,1,2,10,0.688,0.164,4.128,ryuk
16,2,1,9,31,0.536,0.348,6.284,wannacry
19,1,14,11,46,0.397,0.222,9.592,petya
0,1,0,0,2,0.278,0.068,1.248,normal
24,2,16,14,57,0.375,0.257,9.9,petya
4,0,0,0,8,0.341,0.069,0.609,normal
23,4,18,14,60,0.405,0.24,9.669,petya
14,2,2,11,29,0.467,0.37,6.049,wannacry
0,0,1,1,6,0.277,0.023,1.365,normal
18,1,8,3,28,0.626,0.071,8.317,lockbit
16,0,8,4,31,0.554,0.091,7.765,lockbit
20,4,2,13,36,0.468,0.332,5.887,wannacry
17,1,1,3,22,0.725,0.166,4.453,ryuk
15,1,1,3,20,0.742,0.128,3.725,ryuk
3,0,1,1,7,0.302,0.078,1.102,normal
20,1,15,13,56,0.426,0.224,9.513,petya
11,1,2,2,17,0.726,0.136,3.977,ryuk
22,1,16,13,53,0.376,0.233,10.174,petya
20,1,9,3,34,0.629,0.122,8.351,lockbit
1,0,1,1,4,0.312,0.052,1.394,normal
20,3,15,13,54,0.388,0.25,10.451,petya
20,0,2,3,29,0.742,0.14,4.003,ryuk
14,1,0,2,18,0.66,0.156,4.374,ryuk
12,2,2,7,24,0.482,0.349,5.818,wannacry
19,1,12,10,44,0.371,0.24,10.37,petya
0,0,0,0,1,0.273,0.028,0.899,normal
26,1,11,4,46,0.625,0.101,7.831,lockbit
18,2,6,3,31,0.599,0.085,8.385,lockbit
12,1,2,3,21,0.684,0.152,4.175,ryuk
2,0,0,0,4,0.341,0.069,1.45,normal
11,2,10,8,31,0.41,0.232,9.574,petya
8,0,2,0,10,0.724,0.133,3.561,ryuk
10,1,7,7,27,0.364,0.253,9.685,petya
15,3,12,11,40,0.405,0.226,9.522,petya
13,0,12,8,38,0.392,0.257,10.262,petya
7,2,0,7,18,0.508,0.371,6.225,wannacry
0,1,0,0,2,0.302,0.036,1.496,normal
17,2,0,13,38,0.511,0.335,5.856,wannacry
11,3,0,9,24,0.526,0.363,5.693,wannacry
1,1,1,0,2,0.348,0.049,1.223,normal
1,0,1,0,4,0.257,0.07,0.937,normal
11,2,8,7,28,0.444,0.257,10.216,petya
19,2,15,13,51,0.442,0.238,10.127,petya
18,0,9,3,32,0.619,0.09,7.595,lockbit
20,2,14,13,53,0.373,0.273,10.336,petya
9,1,1,6,18,0.516,0.349,5.505,wannacry
8,1,0,1,10,0.72,0.162,4.204,ryuk
11,0,9,8,29,0.428,0.238,9.745,petya
15,3,0,10,34,0.51,0.343,6.363,wannacry
15,1,1,1,19,0.701,0.144,3.62,ryuk
13,1,10,10,36,0.436,0.276,9.524,petya
15,0,11,8,37,0.441,0.23,10.334,petya
29,2,13,5,50,0.593,0.123,7.801,lockbit
0,0,1,0,3,0.334,0.029,0.93,normal
0,0,0,0,4,0.306,0.041,1.229,normal
14,2,13,9,40,0.407,0.255,10.452,petya
13,2,10,9,35,0.354,0.232,9.686,petya
17,0,1,3,23,0.691,0.13,3.523,ryuk
16,1,1,3,20,0.734,0.159,4.109,ryuk
18,4,2,12,39,0.519,0.347,5.727,wannacry
13,0,1,1,19,0.662,0.16,3.932,ryuk
20,3,1,11,37,0.492,0.356,6.437,wannacry
18,2,3,4,29,0.741,0.177,4.326,ryuk
10,0,0,3,17,0.671,0.122,3.934,ryuk
1,0,0,0,1,0.345,0.04,1.017,normal
14,1,7,1,28,0.577,0.089,7.617,lockbit
1,0,1,0,3,0.25,0.027,0.973,normal
12,2,0,9,25,0.519,0.364,6.362,wannacry
2,1,0,1,8,0.277,0.044,0.922,normal
17,4,2,14,38,0.512,0.376,6.276,wannacry
18,1,13,9,42,0.409,0.231,9.861,petya
27,2,11,4,47,0.639,0.112,7.744,lockbit
24,2,9,4,41,0.599,0.102,8.318,lockbit
20,1,8,2,32,0.606,0.09,8.019,lockbit
10,0,2,3,15,0.671,0.167,3.933,ryuk
11,0,2,2,13,0.723,0.159,4.232,ryuk
0,0,0,0,2,0.332,0.028,1.362,normal
22,4,3,14,40,0.515,0.348,6.176,wannacry
19,1,14,13,48,0.424,0.272,9.845,petya
14,2,7,1,25,0.566,0.084,7.712,lockbit
20,1,9,4,37,0.643,0.099,8.13,lockbit
7,0,1,2,14,0.696,0.124,4.299,ryuk
3,0,0,0,6,0.304,0.025,1.335,normal
17,1,12,10,43,0.436,0.23,9.827,petya
14,0,7,2,25,0.632,0.124,7.62,lockbit
9,1,1,6,15,0.53,0.334,5.568,wannacry
16,2,1,9,28,0.533,0.333,5.899,wannacry
0,0,0,0,3,0.288,0.064,1.415,normal
20,2,14,12,48,0.395,0.276,10.354,petya
3,0,1,0,5,0.264,0.08,1.027,normal
17,2,3,4,25,0.728,0.178,3.82,ryuk
1,1,0,0,2,0.312,0.025,1.382,normal
13,0,8,6,30,0.352,0.269,10.38,petya
6,2,0,5,17,0.515,0.351,5.62,wannacry
17,2,6,4,30,0.567,0.11,7.673,lockbit
11,0,6,1,23,0.608,0.127,7.554,lockbit
26,3,12,4,47,0.6,0.074,8.215,lockbit
20,3,17,13,57,0.422,0.228,10.377,petya
18,1,1,2,26,0.698,0.123,4.318,ryuk
20,1,1,4,28,0.744,0.124,3.902,ryuk
15,1,3,3,24,0.736,0.144,3.899,ryuk
15,2,2,10,34,0.52,0.321,5.909,wannacry
19,3,0,12,34,0.53,0.34,5.799,wannacry
16,1,3,4,26,0.749,0.138,4.21,ryuk
10,2,8,7,31,0.403,0.237,10.364,petya
1,1,0,0,2,0.336,0.04,0.72,normal
9,0,1,1,12,0.72,0.139,3.6,ryuk
10,2,2,8,21,0.514,0.356,6.153,wannacry
12,0,2,2,17,0.686,0.141,4.136,ryuk
1,0,0,1,6,0.265,0.024,1.281,normal
25,2,10,5,41,0.616,0.091,7.671,lockbit
14,2,1,10,29,0.488,0.351,5.913,wannacry
0,0,1,0,3,0.346,0.074,0.696,normal
14,4,2,11,32,0.539,0.324,6.408,wannacry
12,2,8,7,28,0.406,0.233,10.01,petya
25,1,11,3,43,0.552,0.126,7.586,lockbit
18,1,8,4,31,0.649,0.089,7.63,lockbit
0,0,1,0,3,0.323,0.058,0.916,normal
21,2,3,5,29,0.736,0.173,3.968,ryuk
1,1,0,1,4,0.296,0.067,0.7,normal
27,2,12,3,46,0.617,0.111,7.841,lockbit
11,2,4,2,23,0.619,0.093,8.369,lockbit
20,4,3,13,40,0.474,0.333,5.925,wannacry
2,0,0,1,8,0.338,0.061,1.047,normal
6,2,1,5,17,0.527,0.333,6.121,wannacry
13,2,10,8,32,0.442,0.244,9.894,petya
1,0,0,0,8,0.282,0.072,0.876,normal
0,0,0,0,1,0.298,0.065,0.974,normal
20,1,3,4,30,0.716,0.132,3.891,ryuk
26,1,12,3,44,0.597,0.108,8.408,lockbit
17,3,1,11,37,0.457,0.378,5.86,wannacry
9,2,8,5,25,0.382,0.261,10.448,petya
0,0,0,0,4,0.269,0.067,0.85,normal
11,2,1,8,23,0.457,0.346,6.03,wannacry
15,1,0,1,19,0.663,0.16,3.714,ryuk
25,1,17,15,58,0.385,0.234,10.117,petya
28,3,11,4,45,0.561,0.121,8.033,lockbit
18,1,3,4,27,0.736,0.148,3.904,ryuk
15,4,2,12,32,0.461,0.346,6.23,wannacry
18,1,1,3,26,0.655,0.144,3.771,ryuk
17,3,1,10,32,0.453,0.367,5.74,wannacry
1,1,0,0,4,0.347,0.033,1.234,normal
15,2,5,2,24,0.584,0.122,8.064,lockbit
27,2,10,5,47,0.623,0.07,8.096,lockbit
24,2,10,4,42,0.602,0.077,8.462,lockbit
20,4,0,14,39,0.521,0.321,5.909,wannacry
2,0,1,0,7,0.267,0.051,0.837,normal
2,1,0,0,4,0.348,0.076,0.543,normal
10,2,6,1,21,0.632,0.083,7.894,lockbit
8,2,1,6,16,0.473,0.358,6.32,wannacry
1,0,0,1,8,0.312,0.047,1.087,normal
20,4,2,13,36,0.452,0.335,5.908,wannacry
0,1,0,0,5,0.272,0.026,0.524,normal
17,3,0,11,37,0.493,0.364,6.324,wannacry
8,1,0,5,18,0.477,0.375,5.936,wannacry
15,3,0,9,30,0.473,0.341,5.53,wannacry
15,1,6,2,24,0.555,0.077,7.504,lockbit
0,1,1,0,2,0.344,0.06,1.179,normal
12,0,9,9,35,0.41,0.231,9.785,petya
13,2,1,6,22,0.484,0.368,5.747,wannacry
15,2,1,10,29,0.458,0.362,6.154,wannacry
10,1,2,1,13,0.657,0.129,4.194,ryuk
19,0,7,3,34,0.573,0.106,7.903,lockbit
10,2,0,5,17,0.517,0.33,5.555,wannacry
17,2,14,10,47,0.404,0.274,10.18,petya
18,3,2,11,34,0.51,0.364,6.27,wannacry
11,2,8,7,29,0.394,0.26,9.532,petya
19,1,14,13,53,0.437,0.228,10.133,petya
9,1,0,6,19,0.481,0.35,6.296,wannacry
9,2,2,6,21,0.451,0.335,5.95,wannacry
18,0,3,4,24,0.714,0.121,3.533,ryuk
18,2,1,14,39,0.467,0.343,5.847,wannacry
11,2,9,7,33,0.385,0.231,9.505,petya
22,2,10,2,39,0.632,0.083,7.741,lockbit
0,0,0,0,3,0.337,0.067,1.067,normal
20,4,2,14,39,0.478,0.324,5.557,wannacry
7,0,0,1,12,0.728,0.152,3.817,ryuk
20,2,15,13,56,0.372,0.229,10.073,petya
21,0,1,5,28,0.731,0.151,4.272,ryuk
18,3,16,13,51,0.438,0.252,9.834,petya
20,3,16,12,52,0.354,0.276,10.086,petya
0,1,0,0,6,0.311,0.077,0.741,normal
23,1,16,13,53,0.422,0.245,9.519,petya
12,0,9,8,28,0.441,0.276,9.513,petya
10,2,7,6,27,0.417,0.244,10.062,petya
13,1,0,1,17,0.706,0.163,3.634,ryuk
1,0,0,0,2,0.341,0.042,0.515,normal
16,0,2,4,26,0.653,0.128,4.186,ryuk
4,1,1,1,7,0.291,0.07,1.234,normal
23,2,10,5,41,0.56,0.115,8.306,lockbit
13,2,12,8,37,0.429,0.26,10.357,petya
30,2,11,3,49,0.616,0.09,8.248,lockbit
19,1,16,13,50,0.375,0.268,10.112,petya
10,2,7,5,27,0.352,0.228,9.996,petya
18,4,1,13,36,0.462,0.321,6.404,wannacry
20,2,1,11,36,0.512,0.348,6.376,wannacry
17,4,1,11,32,0.481,0.349,5.563,wannacry
4,0,0,0,7,0.285,0.03,1.105,normal
29,1,11,4,47,0.575,0.09,8.089,lockbit
1,0,0,1,1,0.29,0.03,1.195,normal
2,0,0,1,5,0.291,0.068,0.979,normal
27,2,9,3,42,0.578,0.075,8.208,lockbit
16,0,7,3,24,0.589,0.117,8.303,lockbit
25,3,11,4,41,0.62,0.087,7.836,lockbit
0,0,1,1,3,0.258,0.075,0.964,normal
18,2,1,2,24,0.688,0.162,4.172,ryuk
0,0,1,0,4,0.324,0.061,0.738,normal
15,0,2,2,22,0.67,0.128,4.176,ryuk
16,2,0,12,36,0.513,0.357,5.621,wannacry
0,0,0,1,4,0.286,0.028,1.022,normal
32,3,12,6,50,0.58,0.118,7.772,lockbit
15,0,2,4,21,0.674,0.137,3.553,ryuk
14,2,7,3,26,0.641,0.076,8.22,lockbit
15,1,5,1,24,0.573,0.101,7.753,lockbit
17,2,15,11,49,0.443,0.253,10.197,petya
1,1,0,1,4,0.26,0.073,0.512,normal
19,1,14,14,53,0.438,0.225,10.017,petya
10,1,0,4,16,0.458,0.325,5.672,wannacry
12,0,10,9,34,0.39,0.244,9.726,petya
14,0,7,2,27,0.633,0.088,8.375,lockbit
14,1,11,10,38,0.404,0.235,9.572,petya
19,0,7,2,33,0.617,0.099,8.142,lockbit
12,0,8,8,28,0.419,0.272,9.866,petya
17,2,8,3,31,0.639,0.102,8.169,lockbit
14,0,8,2,28,0.566,0.123,7.934,lockbit
14,0,8,7,31,0.374,0.276,10.455,petya
9,0,1,1,10,0.699,0.162,3.771,ryuk
24,3,17,13,57,0.442,0.275,9.788,petya
15,0,1,1,19,0.721,0.152,4.179,ryuk
29,1,10,3,45,0.637,0.087,7.833,lockbit
4,1,0,1,7,0.289,0.065,1.418,normal
17,3,1,12,38,0.492,0.323,5.539,wannacry
0,0,0,1,4,0.329,0.079,1.044,normal
23,2,9,3,43,0.635,0.078,8.044,lockbit
22,3,14,13,50,0.432,0.24,9.595,petya
1,0,0,1,4,0.309,0.056,0.897,normal
17,1,1,2,23,0.694,0.147,3.516,ryuk
18,0,7,3,32,0.586,0.094,8.309,lockbit
19,3,14,12,52,0.364,0.255,10.398,petya
14,1,6,2,24,0.589,0.127,8.411,lockbit
17,2,2,3,28,0.697,0.169,3.625,ryuk
21,0,7,4,35,0.638,0.082,7.813,lockbit
14,0,4,2,20,0.612,0.109,7.528,lockbit
12,2,1,8,23,0.455,0.331,5.539,wannacry
21,2,17,12,54,0.448,0.262,10.331,petya
13,0,10,6,30,0.354,0.246,9.563,petya
15,2,3,3,21,0.68,0.163,3.556,ryuk
2,0,1,1,5,0.322,0.044,0.659,normal
0,0,0,1,1,0.342,0.08,0.545,normal
13,1,10,8,39,0.391,0.251,9.635,petya
12,2,8,8,30,0.364,0.229,10.139,petya
11,1,5,2,21,0.592,0.084,7.7,lockbit
19,2,14,13,53,0.397,0.268,10.289,petya
12,1,2,8,24,0.519,0.335,6.299,wannacry
7,1,1,1,13,0.709,0.158,4.038,ryuk
22,2,15,12,55,0.43,0.252,10.408,petya
13,0,1,3,20,0.7,0.129,4.42,ryuk
0,0,0,0,4,0.265,0.053,1.042,normal
14,2,0,8,28,0.55,0.347,5.753,wannacry
16,1,0,10,28,0.509,0.364,5.532,wannacry
22,2,7,3,34,0.58,0.093,8.354,lockbit
21,0,3,4,30,0.693,0.165,4.105,ryuk
16,2,1,4,24,0.652,0.145,3.586,ryuk
21,1,8,2,35,0.567,0.073,8.28,lockbit
11,1,1,1,15,0.691,0.173,3.626,ryuk
17,3,0,11,37,0.508,0.37,6.143,wannacry
2,0,0,1,3,0.275,0.047,0.629,normal
15,3,1,9,30,0.517,0.325,6.451,wannacry
21,2,9,3,35,0.59,0.124,8.24,lockbit
14,0,6,2,26,0.571,0.1,7.734,lockbit
20,1,2,5,30,0.743,0.152,3.854,ryuk
14,2,5,2,26,0.641,0.091,8.122,lockbit
21,3,0,13,38,0.454,0.364,5.841,wannacry
10,1,2,2,18,0.68,0.153,3.52,ryuk
14,3,2,9,29,0.458,0.376,6.255,wannacry
13,0,1,2,22,0.694,0.165,3.705,ryuk
22,0,2,4,30,0.661,0.165,3.636,ryuk
11,3,2,8,27,0.453,0.364,6.126,wannacry
19,2,14,12,52,0.408,0.228,10.467,petya
14,1,12,9,37,0.388,0.241,9.872,petya
20,0,3,3,26,0.676,0.152,4.017,ryuk
0,0,0,1,2,0.261,0.059,1.322,normal
0,0,0,0,3,0.278,0.076,0.753,normal
21,5,3,14,40,0.494,0.328,6.362,wannacry
17,0,3,2,22,0.734,0.134,3.506,ryuk
16,2,0,11,31,0.48,0.326,5.644,wannacry
11,2,5,1,23,0.583,0.1,8.073,lockbit
20,1,4,5,30,0.733,0.127,4.31,ryuk
31,1,12,5,50,0.593,0.129,7.798,lockbit
3,1,0,0,6,0.268,0.024,1.241,normal
19,4,1,13,37,0.548,0.36,6.347,wannacry
13,0,11,10,37,0.376,0.232,9.516,petya
22,2,16,13,53,0.417,0.228,10.38,petya
19,2,15,14,54,0.37,0.266,9.524,petya
14,2,0,8,28,0.463,0.335,6.142,wannacry
18,0,8,2,32,0.606,0.101,8.111,lockbit
3,0,1,1,8,0.347,0.051,1.129,normal
17,2,3,3,23,0.742,0.123,3.529,ryuk
16,1,3,4,23,0.734,0.121,3.812,ryuk
1,1,1,1,4,0.297,0.05,0.625,normal
9,2,0,4,17,0.532,0.354,6.157,wannacry
19,0,3,5,30,0.742,0.145,4.463,ryuk
18,0,7,3,27,0.579,0.07,7.724,lockbit
13,2,6,1,26,0.629,0.129,8.179,lockbit
11,2,0,6,19,0.496,0.326,6.398,wannacry
23,2,10,5,40,0.62,0.071,8.131,lockbit
14,1,2,2,20,0.69,0.172,3.859,ryuk
12,2,5,3,20,0.587,0.093,7.596,lockbit
13,0,2,3,20,0.67,0.15,4.292,ryuk
2,0,1,0,2,0.255,0.052,1.041,normal
22,2,4,4,30,0.73,0.129,4.125,ryuk
16,0,3,3,23,0.727,0.132,4.4,ryuk
15,3,2,13,35,0.515,0.336,5.515,wannacry
2,0,1,0,4,0.291,0.053,0.754,normal
9,0,1,4,17,0.504,0.332,6.219,wannacry
6,0,1,0,10,0.652,0.164,3.574,ryuk
2,0,0,0,4,0.299,0.065,0.603,normal
2,0,1,0,1,0.279,0.057,1.481,normal
29,3,11,3,48,0.602,0.108,7.838,lockbit
2,0,0,0,6,0.275,0.035,1.196,normal
16,2,2,11,29,0.521,0.346,5.943,wannacry
12,0,11,10,37,0.444,0.26,10.371,petya
0,1,0,0,5,0.342,0.056,1.441,normal
10,0,1,3,15,0.688,0.152,4.178,ryuk
0,1,1,1,2,0.289,0.07,1.288,normal
12,3,0,11,29,0.486,0.324,5.574,wannacry
8,2,0,5,18,0.481,0.36,6.344,wannacry
10,0,0,5,19,0.493,0.322,6.454,wannacry
0,0,0,0,8,0.327,0.026,0.834,normal
25,1,9,5,43,0.584,0.098,8.358,lockbit
13,2,4,3,22,0.601,0.088,7.651,lockbit
17,3,12,9,41,0.355,0.251,9.533,petya
18,2,13,10,42,0.388,0.272,10.16,petya
0,0,0,0,1,0.28,0.03,0.516,normal
15,2,2,11,32,0.483,0.323,5.874,wannacry
17,1,2,2,23,0.718,0.125,4.183,ryuk
13,1,1,8,24,0.506,0.342,6.411,wannacry
2,0,0,0,4,0.323,0.05,0.937,normal
13,2,0,10,30,0.522,0.335,6.219,wannacry
0,1,0,1,5,0.343,0.034,0.899,normal
13,0,0,3,17,0.697,0.145,4.43,ryuk
20,2,7,2,32,0.633,0.089,7.737,lockbit
1,0,1,1,7,0.34,0.049,1.063,normal
13,1,7,3,25,0.601,0.084,8.345,lockbit
0,0,0,1,2,0.297,0.038,1.353,normal
7,2,0,5,15,0.464,0.355,6.069,wannacry
23,3,16,14,58,0.42,0.263,9.954,petya
15,1,2,9,27,0.475,0.321,6.223,wannacry
17,2,14,10,44,0.366,0.223,9.621,petya
6,0,1,2,10,0.666,0.153,4.032,ryuk
10,1,0,1,12,0.671,0.143,4.044,ryuk
21,2,2,4,29,0.739,0.177,4.368,ryuk
0,1,0,1,4,0.267,0.063,1.166,normal
13,2,1,10,29,0.549,0.337,5.895,wannacry
3,0,0,0,7,0.28,0.056,0.533,normal
17,1,3,4,25,0.659,0.14,3.874,ryuk
20,4,3,14,40,0.546,0.346,6.049,wannacry
17,1,3,4,25,0.746,0.124,3.943,ryuk
13,1,0,7,24,0.507,0.355,6.215,wannacry
16,1,1,3,25,0.726,0.127,4.338,ryuk
9,1,0,8,22,0.519,0.374,6.245,wannacry
15,1,9,8,33,0.388,0.266,10.207,petya
0,0,0,0,3,0.259,0.02,0.544,normal
13,0,5,2,20,0.649,0.115,8.294,lockbit
14,1,0,8,25,0.489,0.324,6.138,wannacry
20,1,3,4,29,0.679,0.123,3.987,ryuk
18,1,12,12,44,0.374,0.249,9.574,petya
0,0,1,0,2,0.277,0.056,1.18,normal
14,2,4,2,21,0.617,0.078,8.266,lockbit
17,0,6,3,30,0.632,0.103,7.68,lockbit
19,3,16,12,53,0.436,0.247,10.417,petya
20,2,9,2,34,0.618,0.107,8.269,lockbit
19,3,12,10,43,0.386,0.274,9.57,petya
25,1,11,3,45,0.618,0.11,8.451,lockbit
14,0,1,3,23,0.672,0.163,4.443,ryuk
17,3,2,12,33,0.462,0.368,5.623,wannacry
29,2,10,5,47,0.648,0.093,8.423,lockbit
11,2,6,3,23,0.628,0.118,8.038,lockbit
26,2,11,5,41,0.588,0.12,7.649,lockbit
16,2,0,12,37,0.49,0.335,6.312,wannacry
11,1,8,6,29,0.36,0.271,10.101,petya
13,1,2,2,20,0.69,0.136,3.848,ryuk
13,2,11,9,35,0.411,0.244,9.817,petya
21,1,2,3,30,0.746,0.132,3.811,ryuk
2,0,0,0,2,0.331,0.074,1.117,normal
10,0,9,7,27,0.449,0.28,10.033,petya
23,4,19,16,60,0.448,0.25,10.437,petya
15,1,11,10,39,0.386,0.275,10.075,petya
2,0,0,0,4,0.278,0.023,0.536,normal
15,2,1,11,33,0.525,0.368,5.637,wannacry
17,1,1,4,23,0.701,0.18,4.153,ryuk
15,4,2,10,33,0.497,0.348,6.261,wannacry
20,2,2,12,39,0.527,0.335,6.366,wannacry
12,3,0,7,23,0.483,0.376,5.843,wannacry
20,2,3,4,26,0.718,0.135,4.074,ryuk
16,2,9,8,36,0.415,0.226,9.819,petya
23,2,10,3,40,0.62,0.11,8.489,lockbit
2,1,0,1,7,0.257,0.069,0.872,normal
12,3,2,9,25,0.538,0.332,6.447,wannacry
21,2,3,5,29,0.737,0.13,3.636,ryuk
15,1,2,3,20,0.735,0.157,4.353,ryuk
18,0,6,2,28,0.639,0.097,7.643,lockbit
19,2,6,1,29,0.573,0.113,8.324,lockbit
17,0,1,3,22,0.732,0.153,3.951,ryuk
13,1,6,2,22,0.585,0.128,8.48,lockbit
2,0,1,0,4,0.273,0.028,1.368,normal
28,2,11,3,47,0.626,0.076,8.006,lockbit
13,0,10,7,34,0.37,0.248,9.992,petya
12,3,0,8,23,0.54,0.373,6.318,wannacry
9,2,8,5,26,0.366,0.232,10.009,petya
14,1,3,3,22,0.696,0.166,4.16,ryuk
11,0,6,2,22,0.563,0.126,8.367,lockbit
14,2,13,9,41,0.4,0.234,10.042,petya
11,0,1,2,15,0.722,0.165,3.551,ryuk
22,2,15,13,55,0.44,0.221,10.359,petya
14,0,3,2,24,0.67,0.137,3.662,ryuk
0,0,1,0,2,0.281,0.029,0.988,normal
1,0,0,0,1,0.329,0.055,0.98,normal
19,0,7,4,30,0.56,0.107,7.856,lockbit
15,2,12,11,42,0.409,0.254,10.471,petya
13,2,0,9,26,0.528,0.336,6.49,wannacry
10,1,2,0,13,0.7,0.178,4.442,ryuk
5,1,0,6,15,0.493,0.326,6.248,wannacry
14,1,2,4,20,0.691,0.179,3.972,ryuk
6,0,1,6,15,0.524,0.373,5.703,wannacry
18,2,0,13,39,0.53,0.351,5.64,wannacry
16,1,13,12,46,0.394,0.257,10.166,petya
9,1,2,0,13,0.718,0.149,4.494,ryuk
29,1,12,5,46,0.585,0.111,7.873,lockbit
0,0,0,1,6,0.305,0.032,1.185,normal
14,1,4,1,21,0.561,0.095,7.817,lockbit
0,1,0,1,3,0.295,0.071,0.598,normal
1,0,1,0,5,0.31,0.051,1.419,normal
13,0,9,6,31,0.441,0.221,10.153,petya
30,3,12,5,50,0.616,0.084,7.598,lockbit
15,2,1,3,21,0.656,0.136,4.425,ryuk
11,1,7,6,25,0.355,0.227,9.687,petya
3,0,0,1,4,0.337,0.035,0.657,normal
9,0,0,6,17,0.5,0.37,6.151,wannacry
8,1,0,5,18,0.495,0.349,6.313,wannacry
12,2,2,10,26,0.521,0.336,6.404,wannacry
11,1,7,8,28,0.43,0.275,10.257,petya
9,0,1,2,12,0.748,0.15,3.51,ryuk
16,2,8,3,31,0.61,0.073,7.595,lockbit
2,1,1,0,3,0.311,0.063,0.773,normal
23,2,17,14,57,0.436,0.262,9.508,petya
17,0,8,2,30,0.644,0.101,7.865,lockbit
13,2,2,9,27,0.454,0.362,5.831,wannacry
13,0,2,2,16,0.702,0.136,3.71,ryuk
17,1,8,1,29,0.616,0.076,7.988,lockbit
30,3,10,4,47,0.594,0.078,7.791,lockbit
15,2,3,3,22,0.693,0.134,4.495,ryuk
11,3,1,8,22,0.487,0.323,5.85,wannacry
11,0,7,7,27,0.396,0.224,10.229,petya
20,1,2,4,26,0.715,0.166,4.314,ryuk
4,1,1,1,7,0.286,0.07,1.209,normal
17,4,1,10,30,0.508,0.328,6.082,wannacry
7,1,2,1,14,0.693,0.147,4.013,ryuk
27,2,13,3,48,0.561,0.113,8.0,lockbit
15,1,1,1,19,0.718,0.159,3.515,ryuk
10,3,2,7,25,0.463,0.332,6.269,wannacry
13,2,5,2,23,0.604,0.12,7.533,lockbit
7,0,2,0,11,0.733,0.142,3.93,ryuk
6,0,1,1,10,0.693,0.128,3.773,ryuk
17,1,2,5,27,0.655,0.15,3.875,ryuk
10,1,7,6,28,0.412,0.224,10.337,petya
20,1,7,4,32,0.634,0.088,8.16,lockbit
3,0,0,0,4,0.285,0.034,1.01,normal
8,0,1,2,10,0.724,0.133,3.868,ryuk
19,3,1,11,35,0.47,0.351,5.574,wannacry
18,3,12,11,43,0.364,0.261,10.493,petya
10,2,1,6,16,0.548,0.367,6.274,wannacry
27,2,11,3,48,0.649,0.103,8.431,lockbit
20,1,16,14,54,0.436,0.249,10.327,petya
13,4,1,10,30,0.481,0.34,5.571,wannacry
21,3,16,14,55,0.406,0.235,10.317,petya
30,2,11,3,48,0.604,0.07,7.572,lockbit
8,1,2,6,21,0.463,0.354,6.281,wannacry
13,1,1,2,16,0.674,0.154,3.522,ryuk
1,0,0,1,5,0.347,0.037,0.805,normal
0,0,0,0,1,0.278,0.075,0.545,normal
10,0,0,2,16,0.66,0.175,3.715,ryuk
8,1,1,6,18,0.499,0.33,5.551,wannacry
16,1,2,10,29,0.461,0.323,5.757,wannacry
14,0,9,6,30,0.439,0.235,9.591,petya
13,0,10,9,33,0.352,0.24,9.644,petya
21,2,9,4,36,0.596,0.08,7.767,lockbit
11,1,8,6,26,0.368,0.22,10.353,petya
23,4,19,14,60,0.4,0.221,10.404,petya
24,3,15,13,55,0.444,0.223,10.25,petya
24,1,9,3,40,0.647,0.096,8.361,lockbit
7,1,0,4,15,0.536,0.369,5.673,wannacry
27,1,10,5,42,0.553,0.09,8.303,lockbit
5,1,1,0,11,0.73,0.164,3.797,ryuk
10,1,1,5,19,0.543,0.321,6.197,wannacry
13,1,1,2,22,0.704,0.166,3.589,ryuk
27,3,10,3,42,0.593,0.109,7.764,lockbit
25,2,11,4,45,0.623,0.085,7.991,lockbit
12,2,7,7,27,0.361,0.241,9.648,petya
23,1,16,14,57,0.35,0.258,10.088,petya
15,1,4,2,23,0.577,0.106,8.371,lockbit
14,2,2,9,24,0.513,0.358,5.95,wannacry
14,2,11,10,38,0.442,0.271,9.877,petya
14,1,11,11,40,0.379,0.275,9.672,petya
22,1,10,4,40,0.565,0.074,8.312,lockbit
13,1,2,10,29,0.478,0.342,5.691,wannacry
15,0,8,7,33,0.397,0.221,10.234,petya
2,0,0,1,7,0.33,0.054,1.013,normal
16,2,0,11,30,0.523,0.368,6.333,wannacry
2,0,0,1,6,0.25,0.077,1.139,normal
0,0,0,1,3,0.313,0.042,1.013,normal
9,2,9,7,29,0.435,0.276,10.101,petya
21,2,15,12,50,0.396,0.239,10.165,petya
15,3,2,10,28,0.467,0.323,6.217,wannacry
0,0,0,1,3,0.32,0.052,0.81,normal
7,0,0,6,19,0.47,0.38,6.041,wannacry
10,2,0,6,17,0.451,0.351,6.422,wannacry
7,1,1,4,17,0.53,0.335,6.125,wannacry
27,3,11,3,48,0.606,0.093,8.007,lockbit
18,2,1,11,36,0.502,0.365,6.337,wannacry
20,1,2,4,26,0.683,0.129,4.349,ryuk
11,3,2,7,22,0.524,0.367,5.619,wannacry
15,3,11,9,43,0.351,0.262,9.823,petya
23,2,9,3,37,0.629,0.087,8.146,lockbit
23,3,16,12,55,0.393,0.248,10.244,petya
23,2,17,15,59,0.44,0.267,9.695,petya
23,0,9,2,38,0.558,0.112,8.42,lockbit
10,0,1,1,13,0.715,0.137,3.796,ryuk
2,0,1,0,2,0.322,0.058,1.194,normal
14,2,1,9,31,0.531,0.355,6.118,wannacry
20,0,7,4,34,0.589,0.1,8.381,lockbit
0,0,1,1,1,0.291,0.074,0.73,normal
16,3,1,12,34,0.51,0.38,6.269,wannacry
14,0,2,3,20,0.675,0.167,4.457,ryuk
29,2,11,4,46,0.559,0.096,7.629,lockbit
3,0,0,0,7,0.344,0.029,0.963,normal
19,4,1,14,39,0.541,0.363,6.082,wannacry
24,3,17,14,59,0.401,0.269,10.222,petya
10,0,1,3,15,0.68,0.165,4.294,ryuk
0,1,0,1,7,0.267,0.033,1.058,normal
26,1,11,5,45,0.563,0.077,8.344,lockbit
15,3,0,9,29,0.47,0.345,5.72,wannacry
9,2,0,6,18,0.515,0.324,6.314,wannacry
15,1,9,8,34,0.37,0.261,10.06,petya
22,3,18,15,59,0.447,0.241,10.346,petya
4,1,1,0,8,0.281,0.053,1.009,normal
23,1,15,12,55,0.351,0.223,9.744,petya
13,2,2,8,22,0.524,0.363,5.734,wannacry
11,2,7,8,28,0.397,0.24,10.455,petya
29,3,11,3,48,0.553,0.111,8.104,lockbit
26,1,11,4,45,0.594,0.127,7.968,lockbit
15,0,7,2,26,0.563,0.081,8.46,lockbit
10,2,0,5,16,0.54,0.369,5.753,wannacry
5,0,1,5,15,0.521,0.326,6.276,wannacry
9,0,0,0,10,0.706,0.126,4.433,ryuk
0,0,0,0,7,0.292,0.048,1.49,normal
16,0,6,2,31,0.639,0.101,8.065,lockbit
21,0,9,4,38,0.613,0.092,8.035,lockbit
8,0,1,2,15,0.672,0.121,4.216,ryuk
1,0,0,0,8,0.318,0.034,1.331,normal
21,2,15,13,53,0.371,0.232,9.625,petya
15,2,13,11,40,0.374,0.239,9.981,petya
17,4,0,10,33,0.46,0.347,6.44,wannacry
7,0,2,2,14,0.695,0.176,3.623,ryuk
7,0,1,2,13,0.746,0.16,3.559,ryuk
27,2,10,4,46,0.606,0.099,8.291,lockbit
20,0,6,3,30,0.628,0.083,7.665,lockbit
16,1,3,4,20,0.73,0.171,3.982,ryuk
14,1,11,8,35,0.354,0.243,10.31,petya
12,2,10,9,37,0.355,0.221,9.522,petya
17,2,7,3,31,0.553,0.106,7.896,lockbit
17,2,9,4,33,0.556,0.082,7.509,lockbit
18,0,1,2,23,0.724,0.154,3.567,ryuk
0,0,1,0,3,0.338,0.033,1.178,normal
18,3,2,12,35,0.488,0.356,5.58,wannacry
15,3,13,9,43,0.393,0.225,9.602,petya
21,3,16,13,51,0.381,0.238,10.168,petya
20,0,9,3,34,0.613,0.122,7.845,lockbit
30,3,11,3,47,0.56,0.073,7.505,lockbit
7,1,2,1,14,0.74,0.174,3.829,ryuk
16,1,6,1,27,0.592,0.113,7.943,lockbit
1,0,0,0,1,0.281,0.035,1.244,normal
14,1,0,8,28,0.522,0.372,5.679,wannacry
8,1,2,6,21,0.472,0.364,6.117,wannacry
19,2,2,11,34,0.469,0.32,5.56,wannacry
0,1,0,1,1,0.338,0.048,0.595,normal
15,4,1,11,32,0.509,0.327,5.832,wannacry
25,2,9,2,39,0.562,0.129,7.709,lockbit
23,0,8,2,37,0.577,0.101,8.066,lockbit
6,1,2,1,11,0.723,0.178,3.76,ryuk
8,0,2,2,11,0.653,0.148,4.425,ryuk
16,4,2,10,32,0.457,0.375,5.69,wannacry
6,1,2,2,11,0.688,0.177,4.318,ryuk
17,1,2,5,28,0.716,0.136,4.372,ryuk
1,1,1,1,6,0.267,0.026,1.16,normal
13,2,9,7,31,0.402,0.224,9.61,petya
23,0,9,2,36,0.623,0.108,7.86,lockbit
7,0,0,5,16,0.51,0.368,5.97,wannacry
14,1,7,2,27,0.65,0.085,7.937,lockbit
20,2,14,11,49,0.45,0.242,9.562,petya
9,0,1,1,12,0.746,0.132,4.383,ryuk
19,1,10,2,36,0.57,0.115,8.186,lockbit
9,0,0,2,10,0.662,0.125,3.546,ryuk
10,1,0,8,24,0.508,0.373,6.097,wannacry
0,0,0,0,5,0.269,0.048,0.853,normal
22,1,14,11,51,0.37,0.221,10.062,petya
0,1,0,1,1,0.256,0.04,1.285,normal
3,0,0,0,6,0.335,0.023,1.12,normal
27,3,10,5,47,0.577,0.089,8.263,lockbit
24,3,10,4,40,0.631,0.121,7.789,lockbit
15,2,2,11,34,0.541,0.377,5.827,wannacry
15,1,3,2,25,0.711,0.162,3.953,ryuk
16,2,1,12,36,0.483,0.322,5.772,wannacry
10,0,9,6,31,0.378,0.26,10.428,petya
30,2,11,3,49,0.584,0.082,8.062,lockbit
17,1,5,1,25,0.615,0.08,7.534,lockbit
0,0,0,0,3,0.303,0.051,0.666,normal
16,1,0,11,29,0.47,0.351,5.631,wannacry
3,0,0,0,8,0.283,0.051,0.588,normal
12,0,1,2,17,0.739,0.163,4.14,ryuk
12,0,3,4,20,0.67,0.136,4.005,ryuk
20,1,4,5,30,0.651,0.136,3.609,ryuk
15,0,2,4,23,0.652,0.142,4.031,ryuk
15,1,1,3,24,0.696,0.17,4.475,ryuk
13,0,3,2,21,0.692,0.167,4.234,ryuk
12,0,0,3,15,0.698,0.153,3.992,ryuk
6,2,0,4,15,0.545,0.329,5.977,wannacry
10,2,0,8,24,0.467,0.373,5.742,wannacry
15,2,0,11,30,0.547,0.379,5.565,wannacry
15,1,5,3,22,0.563,0.095,8.262,lockbit
3,0,0,0,8,0.311,0.039,1.324,normal
12,1,4,2,20,0.557,0.09,7.782,lockbit
17,1,1,3,22,0.652,0.151,4.005,ryuk
25,1,9,3,41,0.601,0.071,8.433,lockbit
23,3,10,5,43,0.597,0.088,7.777,lockbit
10,0,5,3,20,0.626,0.082,8.209,lockbit
17,1,3,2,22,0.655,0.131,4.435,ryuk
12,3,1,9,24,0.477,0.335,6.442,wannacry
22,2,8,3,37,0.619,0.095,8.149,lockbit
24,1,16,12,55,0.445,0.28,9.872,petya
7,2,1,5,16,0.475,0.338,6.114,wannacry
0,1,0,0,4,0.269,0.024,0.897,normal
30,3,13,5,49,0.627,0.091,7.774,lockbit
14,3,13,10,42,0.417,0.28,10.28,petya
25,1,10,4,39,0.561,0.075,8.077,lockbit
25,2,16,14,58,0.392,0.233,10.221,petya
12,2,12,8,37,0.396,0.276,10.401,petya
2,1,0,0,1,0.277,0.048,1.484,normal
26,3,10,4,45,0.57,0.108,8.185,lockbit
24,3,9,4,40,0.559,0.096,7.731,lockbit
11,2,2,9,24,0.473,0.35,5.81,wannacry
2,1,1,1,5,0.288,0.026,1.078,normal
3,1,0,0,5,0.258,0.073,1.052,normal
5,0,1,1,10,0.72,0.155,4.333,ryuk
0,1,0,0,8,0.261,0.043,0.956,normal
20,3,0,13,36,0.511,0.346,6.274,wannacry
2,0,1,0,5,0.279,0.03,1.397,normal
3,0,0,0,4,0.261,0.03,1.472,normal
10,2,2,6,21,0.479,0.345,5.877,wannacry
12,1,2,2,17,0.719,0.139,4.045,ryuk
7,1,0,0,12,0.677,0.174,4.427,ryuk
17,4,1,9,30,0.547,0.375,6.003,wannacry
14,3,0,11,29,0.484,0.379,5.525,wannacry
15,1,1,11,29,0.484,0.353,5.541,wannacry
23,3,17,13,56,0.448,0.245,10.263,petya
0,0,0,0,1,0.338,0.037,0.694,normal
25,1,16,15,58,0.435,0.223,10.389,petya
10,1,2,2,14,0.698,0.177,3.747,ryuk
21,0,8,4,36,0.614,0.116,8.085,lockbit
0,0,0,0,6,0.265,0.028,1.187,normal
11,2,6,1,21,0.612,0.113,8.07,lockbit
15,2,6,1,29,0.563,0.091,8.092,lockbit
0,0,0,0,2,0.322,0.062,0.634,normal
12,3,0,6,22,0.505,0.369,5.884,wannacry
24,1,9,4,37,0.592,0.126,8.042,lockbit
19,2,13,12,49,0.416,0.244,9.762,petya
2,0,1,1,5,0.311,0.077,0.897,normal
0,1,0,0,1,0.311,0.034,0.602,normal
0,0,1,0,3,0.28,0.064,1.351,normal
19,3,13,13,48,0.361,0.278,10.441,petya
14,1,4,3,21,0.635,0.102,8.304,lockbit
22,0,2,3,30,0.658,0.157,3.507,ryuk
23,2,17,14,57,0.387,0.273,9.953,petya
21,2,8,3,34,0.576,0.074,7.528,lockbit
15,2,7,1,24,0.603,0.127,7.896,lockbit
12,2,2,3,20,0.731,0.152,3.641,ryuk
0,0,1,0,1,0.329,0.059,1.492,normal
0,0,1,0,4,0.285,0.047,1.249,normal
20,1,13,11,45,0.36,0.225,9.848,petya
19,1,2,4,30,0.69,0.179,4.321,ryuk
26,3,11,4,41,0.555,0.114,7.581,lockbit
8,1,0,2,13,0.681,0.138,4.298,ryuk
23,3,15,12,54,0.434,0.261,10.37,petya
18,0,2,3,24,0.663,0.144,3.607,ryuk
14,2,1,3,21,0.736,0.161,4.439,ryuk
12,2,2,7,25,0.474,0.339,5.899,wannacry
15,2,13,10,44,0.38,0.252,9.966,petya
14,3,0,9,24,0.467,0.332,6.39,wannacry
15,2,10,8,36,0.385,0.254,9.933,petya
2,0,1,0,5,0.253,0.078,1.336,normal
15,1,11,10,37,0.429,0.26,10.109,petya
10,1,2,2,13,0.695,0.121,4.057,ryuk
20,3,16,13,57,0.392,0.232,9.888,petya
32,1,13,4,50,0.639,0.115,7.535,lockbit
11,1,2,0,13,0.667,0.156,4.336,ryuk
17,1,14,12,49,0.406,0.235,9.552,petya
12,0,0,2,15,0.669,0.128,3.638,ryuk
16,1,8,2,29,0.565,0.074,8.229,lockbit
14,3,12,9,40,0.356,0.243,10.359,petya
13,1,10,10,37,0.393,0.227,9.931,petya
2,0,0,0,8,0.304,0.056,1.08,normal
16,1,12,11,44,0.36,0.226,10.205,petya
20,3,18,13,57,0.384,0.222,10.042,petya
19,4,1,11,35,0.495,0.324,6.229,wannacry
11,2,8,8,30,0.394,0.224,10.296,petya
8,1,0,4,17,0.524,0.358,6.05,wannacry
18,4,2,14,39,0.467,0.376,5.568,wannacry
0,0,0,0,6,0.293,0.023,0.666,normal
0,1,1,0,6,0.345,0.078,0.683,normal
19,2,1,4,26,0.714,0.15,3.518,ryuk
14,3,11,11,40,0.385,0.232,10.308,petya
16,2,6,1,29,0.626,0.108,7.62,lockbit
16,3,0,10,28,0.535,0.354,6.015,wannacry
16,2,3,3,21,0.675,0.15,3.53,ryuk
29,3,13,4,50,0.583,0.107,8.371,lockbit
28,2,12,5,45,0.58,0.117,7.531,lockbit
19,0,1,4,28,0.706,0.126,4.305,ryuk
11,3,2,8,27,0.497,0.366,5.623,wannacry
9,1,1,6,21,0.549,0.329,6.488,wannacry
13,3,0,11,31,0.526,0.374,5.584,wannacry
15,1,3,4,22,0.675,0.167,4.135,ryuk
3,0,0,1,6,0.302,0.041,0.872,normal
25,2,11,3,40,0.6,0.081,8.074,lockbit
20,3,14,11,48,0.386,0.237,10.341,petya
19,2,1,13,39,0.456,0.35,5.606,wannacry
13,1,6,3,20,0.645,0.095,8.162,lockbit
22,4,2,13,40,0.524,0.361,6.315,wannacry
8,2,0,7,18,0.489,0.377,6.11,wannacry
27,2,11,4,43,0.579,0.113,8.445,lockbit
16,3,2,11,36,0.473,0.362,5.808,wannacry
3,0,0,1,6,0.268,0.062,1.338,normal
20,0,7,3,35,0.611,0.094,8.176,lockbit
11,2,7,7,27,0.375,0.239,10.35,petya
7,1,1,5,18,0.522,0.32,6.009,wannacry
9,0,2,1,14,0.721,0.142,4.213,ryuk
27,2,12,5,45,0.63,0.121,8.135,lockbit
18,0,8,3,29,0.638,0.105,7.627,lockbit
11,1,2,8,24,0.456,0.353,6.095,wannacry
1,0,0,0,5,0.291,0.041,1.4,normal
2,0,0,0,3,0.264,0.059,1.239,normal
24,1,17,13,59,0.37,0.261,10.264,petya
17,1,11,10,43,0.43,0.264,10.425,petya
15,2,13,9,42,0.351,0.278,9.974,petya
12,2,8,7,33,0.354,0.266,9.669,petya
16,2,3,2,24,0.675,0.145,3.85,ryuk
21,0,9,4,33,0.576,0.127,8.104,lockbit
3,1,0,0,7,0.28,0.039,0.897,normal
1,0,1,0,4,0.312,0.048,0.844,normal
11,0,0,1,14,0.722,0.13,4.09,ryuk
11,2,7,5,26,0.362,0.229,10.161,petya
14,2,8,2,28,0.573,0.122,8.315,lockbit
24,1,9,2,38,0.596,0.126,7.986,lockbit
26,3,11,5,48,0.607,0.091,7.881,lockbit
19,0,2,3,27,0.719,0.178,4.299,ryuk
0,0,0,1,7,0.275,0.071,1.061,normal
12,0,9,7,31,0.443,0.279,10.439,petya
20,1,3,4,27,0.699,0.141,3.918,ryuk
17,1,7,2,30,0.613,0.072,8.144,lockbit
19,3,0,13,35,0.473,0.36,5.58,wannacry
27,2,10,5,46,0.563,0.111,8.342,lockbit
2,0,1,1,1,0.316,0.068,0.605,normal
0,0,0,1,6,0.285,0.048,1.15,normal
18,1,7,3,30,0.56,0.114,7.887,lockbit
25,3,9,3,40,0.586,0.081,8.143,lockbit
22,2,10,3,37,0.583,0.074,7.59,lockbit
3,0,1,0,5,0.346,0.029,0.915,normal
13,1,8,8,30,0.423,0.272,10.47,petya
12,2,8,7,32,0.414,0.269,9.559,petya
8,1,0,2,15,0.735,0.13,3.771,ryuk
9,2,2,7,23,0.461,0.345,5.952,wannacry
13,1,5,3,24,0.626,0.08,7.822,lockbit
2,0,1,0,4,0.324,0.034,0.878,normal
15,2,2,10,27,0.479,0.354,5.612,wannacry
18,5,2,15,40,0.517,0.322,6.035,wannacry
31,1,13,3,49,0.582,0.095,7.809,lockbit
14,0,6,2,21,0.557,0.08,8.493,lockbit
18,1,8,2,33,0.605,0.121,7.974,lockbit
11,0,0,2,16,0.696,0.173,3.594,ryuk
20,1,14,12,47,0.442,0.222,10.356,petya
17,2,7,1,29,0.618,0.123,7.704,lockbit
1,0,0,0,5,0.318,0.057,1.444,normal
0,0,1,0,1,0.256,0.035,0.66,normal
11,2,11,7,34,0.418,0.234,10.291,petya
18,3,14,13,48,0.449,0.26,9.964,petya
1,0,0,1,7,0.255,0.037,1.431,normal
0,1,0,0,8,0.346,0.045,1.346,normal
19,1,1,3,29,0.658,0.169,4.177,ryuk
3,1,0,0,8,0.284,0.074,1.108,normal
10,0,2,2,17,0.663,0.149,4.264,ryuk
12,1,2,6,20,0.522,0.364,6.015,wannacry
30,2,13,4,50,0.632,0.071,8.042,lockbit
13,3,0,11,31,0.504,0.349,5.889,wannacry
11,2,8,7,32,0.439,0.268,10.137,petya
8,0,2,1,12,0.719,0.148,3.94,ryuk
1,1,1,1,1,0.276,0.041,1.417,normal
9,0,0,3,15,0.696,0.179,3.892,ryuk
16,0,5,3,25,0.585,0.125,7.707,lockbit
19,2,15,12,48,0.432,0.229,9.834,petya
20,1,14,11,47,0.418,0.238,10.062,petya
14,0,7,3,26,0.577,0.118,7.544,lockbit
25,1,11,5,41,0.559,0.096,7.675,lockbit
3,0,0,1,4,0.317,0.066,0.738,normal
13,1,0,1,18,0.707,0.129,3.969,ryuk
11,2,0,7,25,0.455,0.347,5.755,wannacry
17,0,1,3,23,0.733,0.145,4.077,ryuk
3,0,0,0,4,0.308,0.058,0.513,normal
23,1,9,3,36,0.633,0.115,8.347,lockbit
15,1,2,3,21,0.691,0.172,4.242,ryuk
30,3,11,4,49,0.56,0.101,7.525,lockbit
14,0,2,3,22,0.672,0.159,3.922,ryuk
14,2,1,3,20,0.726,0.171,4.473,ryuk
1,0,0,1,2,0.256,0.055,1.061,normal
21,0,1,3,29,0.748,0.126,4.432,ryuk
2,0,0,1,2,0.303,0.056,1.265,normal
3,1,0,0,7,0.311,0.066,0.675,normal
18,1,7,4,33,0.636,0.127,7.836,lockbit
18,2,3,4,23,0.664,0.141,3.89,ryuk
3,0,0,0,4,0.332,0.041,0.759,normal
18,1,2,3,29,0.653,0.175,4.352,ryuk
21,3,15,12,48,0.436,0.245,10.244,petya
0,0,0,1,5,0.321,0.025,0.585,normal
16,2,2,9,30,0.501,0.368,5.838,wannacry
24,2,16,14,58,0.416,0.221,9.564,petya
22,1,11,3,41,0.561,0.112,8.019,lockbit
25,2,12,3,45,0.625,0.12,8.271,lockbit
0,1,0,0,1,0.328,0.026,1.261,normal
17,2,2,4,24,0.658,0.167,3.993,ryuk
0,0,0,1,1,0.345,0.066,0.64,normal
18,4,1,12,32,0.532,0.322,6.39,wannacry
2,0,0,1,6,0.269,0.037,1.2,normal
2,0,0,1,8,0.253,0.049,1.162,normal
0,1,0,1,2,0.296,0.051,1.145,normal
15,2,9,10,36,0.441,0.233,9.544,petya
20,2,1,13,37,0.478,0.325,6.377,wannacry
18,2,1,5,29,0.675,0.157,3.999,ryuk
0,1,1,0,6,0.278,0.072,0.613,normal
12,1,0,10,26,0.474,0.326,5.815,wannacry
1,0,0,0,7,0.339,0.056,1.422,normal
10,0,2,2,18,0.673,0.133,3.661,ryuk
0,0,0,1,4,0.323,0.041,1.198,normal
16,1,5,2,27,0.578,0.11,7.677,lockbit
6,0,1,1,11,0.675,0.121,4.199,ryuk
0,0,0,1,2,0.312,0.058,1.233,normal
12,2,1,7,25,0.532,0.343,5.588,wannacry
14,0,1,3,19,0.724,0.158,4.486,ryuk
6,0,2,0,11,0.668,0.158,3.864,ryuk
16,2,6,3,30,0.632,0.105,8.009,lockbit
0,0,1,1,5,0.307,0.037,1.269,normal
22,3,17,13,58,0.408,0.239,10.016,petya
10,0,2,1,12,0.708,0.127,3.918,ryuk
20,1,18,15,57,0.419,0.26,9.949,petya
10,2,1,8,25,0.498,0.358,6.329,wannacry
19,3,16,13,51,0.427,0.235,10.109,petya
11,2,4,3,22,0.602,0.091,7.734,lockbit
15,3,1,10,33,0.488,0.328,5.697,wannacry
28,3,12,3,47,0.579,0.084,8.231,lockbit
1,0,0,1,6,0.344,0.067,1.169,normal
21,2,1,12,38,0.452,0.329,6.386,wannacry
16,1,1,5,27,0.651,0.154,3.839,ryuk
29,2,10,5,45,0.605,0.102,8.234,lockbit
15,0,2,3,25,0.721,0.145,4.151,ryuk
20,1,3,4,28,0.709,0.149,3.826,ryuk
19,2,6,2,31,0.633,0.099,8.043,lockbit
3,0,0,0,4,0.314,0.067,0.618,normal
12,0,9,7,34,0.405,0.253,10.223,petya
11,1,5,1,22,0.564,0.093,8.452,lockbit
10,0,2,3,14,0.748,0.159,3.531,ryuk
1,1,0,0,4,0.284,0.054,1.387,normal
7,2,0,4,15,0.484,0.348,6.273,wannacry
0,1,0,0,2,0.295,0.052,0.742,normal
12,0,6,1,22,0.641,0.114,8.235,lockbit
14,0,2,2,23,0.705,0.123,4.246,ryuk
1,0,0,0,7,0.27,0.077,0.868,normal
12,1,10,10,36,0.384,0.258,9.55,petya
17,1,2,4,22,0.738,0.138,4.15,ryuk
11,2,0,8,23,0.484,0.38,5.906,wannacry
14,0,5,2,22,0.622,0.1,7.999,lockbit
30,3,13,6,50,0.606,0.114,7.999,lockbit
19,1,16,12,51,0.375,0.242,10.3,petya
10,3,0,7,20,0.508,0.373,6.069,wannacry
1,0,0,1,5,0.308,0.072,1.062,normal
20,2,8,3,38,0.563,0.084,8.433,lockbit
13,1,9,9,34,0.441,0.277,9.506,petya
17,2,3,4,23,0.737,0.146,3.544,ryuk
23,1,17,14,55,0.426,0.273,10.464,petya
25,2,11,4,44,0.609,0.1,7.692,lockbit
17,1,13,10,41,0.356,0.241,10.101,petya
0,1,0,1,5,0.344,0.036,0.975,normal
13,2,9,10,36,0.41,0.226,9.883,petya
2,1,0,1,2,0.293,0.041,1.145,normal
28,1,11,3,48,0.582,0.116,7.998,lockbit
28,1,10,5,44,0.586,0.115,8.051,lockbit
12,1,9,8,33,0.394,0.243,10.248,petya
17,2,8,2,31,0.585,0.095,7.518,lockbit
2,0,0,0,5,0.266,0.059,0.826,normal
21,2,15,12,54,0.366,0.234,10.003,petya
5,0,1,5,15,0.499,0.377,5.557,wannacry
15,2,8,3,29,0.646,0.081,7.678,lockbit
10,3,1,7,23,0.451,0.374,5.649,wannacry
1,1,0,1,3,0.322,0.05,0.581,normal
10,1,2,8,24,0.509,0.333,5.597,wannacry
1,0,0,0,3,0.289,0.021,0.731,normal
14,1,1,9,29,0.458,0.329,5.798,wannacry
12,1,4,1,23,0.566,0.093,7.641,lockbit
17,1,13,11,42,0.362,0.276,10.321,petya
18,2,1,3,29,0.739,0.163,4.085,ryuk
14,2,1,9,30,0.497,0.321,5.582,wannacry
14,0,2,4,21,0.709,0.131,4.388,ryuk
2,0,0,0,3,0.309,0.024,0.862,normal
14,4,1,12,32,0.453,0.355,5.511,wannacry
24,1,16,12,55,0.372,0.268,9.9,petya
2,0,0,0,5,0.283,0.049,0.696,normal
3,0,1,1,8,0.285,0.031,1.408,normal
16,2,2,2,24,0.746,0.163,4.145,ryuk
12,2,1,6,22,0.455,0.358,5.886,wannacry
17,1,1,3,24,0.716,0.123,4.337,ryuk
16,4,2,10,33,0.525,0.375,6.072,wannacry
0,0,1,0,1,0.272,0.063,0.737,normal
11,0,4,3,20,0.555,0.114,8.372,lockbit
19,2,2,4,29,0.652,0.132,4.252,ryuk
14,1,12,9,39,0.403,0.274,9.813,petya
9,0,2,2,12,0.745,0.177,3.645,ryuk
15,3,12,10,44,0.411,0.234,10.367,petya
12,2,1,11,29,0.454,0.337,5.708,wannacry
23,3,18,14,60,0.372,0.278,10.227,petya
17,4,2,9,31,0.534,0.336,5.922,wannacry
16,2,3,3,20,0.695,0.17,3.598,ryuk
19,1,10,3,36,0.648,0.09,8.095,lockbit
21,2,7,4,32,0.65,0.081,7.648,lockbit
15,2,2,3,20,0.703,0.124,3.709,ryuk
23,0,10,2,38,0.558,0.107,7.84,lockbit
26,1,9,4,43,0.557,0.122,8.0,lockbit
27,2,10,4,44,0.584,0.082,7.878,lockbit
0,0,0,1,2,0.348,0.07,1.36,normal
22,1,11,4,41,0.576,0.097,8.038,lockbit
2,0,1,0,4,0.286,0.052,1.282,normal
13,2,0,9,24,0.518,0.363,6.107,wannacry
9,0,2,3,15,0.72,0.123,4.407,ryuk
18,2,9,2,32,0.625,0.1,7.628,lockbit
10,1,1,8,23,0.518,0.36,6.215,wannacry
25,2,17,16,60,0.361,0.28,9.802,petya
1,1,0,0,8,0.251,0.024,0.892,normal
13,1,9,8,35,0.442,0.254,9.829,petya
19,1,14,10,45,0.418,0.232,9.61,petya
13,3,0,8,24,0.471,0.338,6.411,wannacry
13,2,2,8,22,0.476,0.32,6.371,wannacry
24,2,17,14,56,0.362,0.252,9.857,petya
10,3,0,7,23,0.494,0.34,5.895,wannacry
19,1,13,12,46,0.427,0.274,9.855,petya
19,2,15,12,54,0.37,0.259,10.185,petya
14,2,1,10,33,0.463,0.327,6.019,wannacry
22,1,4,3,30,0.728,0.161,3.973,ryuk
15,3,0,12,32,0.514,0.37,6.077,wannacry
15,3,2,11,30,0.513,0.335,5.663,wannacry
2,0,0,0,8,0.3,0.068,1.207,normal
15,0,3,4,23,0.69,0.126,3.562,ryuk
18,0,7,2,28,0.558,0.078,8.145,lockbit
26,1,9,5,41,0.615,0.113,8.188,lockbit
19,2,15,11,48,0.384,0.265,10.044,petya
4,1,0,0,7,0.331,0.079,0.65,normal
20,2,9,4,35,0.633,0.08,8.397,lockbit
12,1,9,7,33,0.371,0.247,9.656,petya
0,0,0,0,4,0.322,0.056,1.396,normal
5,1,0,6,15,0.518,0.345,6.254,wannacry
1,0,0,0,6,0.267,0.079,0.732,normal
17,4,1,12,34,0.534,0.36,6.197,wannacry
4,1,1,1,8,0.307,0.022,1.175,normal
18,2,1,2,25,0.669,0.154,4.24,ryuk
9,1,7,8,29,0.396,0.274,9.773,petya
17,0,2,4,24,0.69,0.133,3.856,ryuk
18,3,15,14,52,0.361,0.228,10.404,petya
23,2,17,14,54,0.402,0.267,9.84,petya
18,1,6,1,27,0.579,0.11,8.202,lockbit
19,3,13,11,45,0.432,0.234,9.598,petya
13,2,0,7,22,0.547,0.327,5.904,wannacry
20,0,7,3,34,0.638,0.095,8.411,lockbit
22,1,15,13,51,0.353,0.225,9.787,petya
19,2,3,4,29,0.677,0.155,4.11,ryuk
30,2,11,4,48,0.559,0.098,7.674,lockbit
15,0,3,2,21,0.705,0.131,3.631,ryuk
8,2,0,8,21,0.472,0.328,6.359,wannacry
0,0,1,0,2,0.32,0.061,1.119,normal
9,0,0,6,15,0.476,0.326,5.855,wannacry
2,0,0,0,7,0.265,0.076,0.992,normal
12,2,2,6,22,0.46,0.355,5.989,wannacry
11,0,2,2,14,0.673,0.143,4.106,ryuk
0,1,0,0,8,0.337,0.033,1.463,normal
14,1,3,2,21,0.732,0.152,3.723,ryuk
14,1,0,2,19,0.709,0.176,3.509,ryuk
2,0,1,1,4,0.288,0.037,0.703,normal
20,1,3,3,27,0.712,0.139,4.042,ryuk
5,0,1,2,10,0.688,0.16,4.282,ryuk
19,2,1,4,26,0.724,0.135,3.954,ryuk
11,0,6,3,20,0.589,0.081,8.078,lockbit
16,3,12,11,45,0.413,0.27,9.928,petya
1,0,0,0,6,0.291,0.039,0.587,normal
0,0,0,0,2,0.324,0.062,1.202,normal
12,1,10,8,33,0.352,0.269,9.801,petya
3,1,1,0,8,0.345,0.032,1.066,normal
1,0,0,0,6,0.29,0.025,1.117,normal
16,1,2,8,28,0.514,0.378,5.57,wannacry
2,0,1,0,4,0.311,0.03,0.565,normal
14,2,1,9,24,0.505,0.355,5.522,wannacry
10,0,2,3,18,0.736,0.144,4.202,ryuk
0,1,1,0,2,0.332,0.046,1.397,normal
0,0,0,0,6,0.256,0.027,0.727,normal
14,2,1,8,25,0.501,0.363,6.473,wannacry
12,2,7,7,27,0.446,0.222,10.478,petya
30,1,11,5,50,0.596,0.072,8.379,lockbit
20,3,14,12,50,0.386,0.265,10.158,petya
11,1,0,1,19,0.67,0.14,3.977,ryuk
0,1,0,1,3,0.337,0.053,1.258,normal
0,1,0,1,4,0.306,0.048,0.813,normal
3,0,0,0,8,0.29,0.049,1.128,normal
11,0,9,6,30,0.355,0.224,10.442,petya
17,4,1,11,31,0.451,0.325,5.812,wannacry
20,2,0,11,37,0.533,0.338,6.467,wannacry
7,0,0,3,14,0.676,0.159,3.618,ryuk
20,2,12,12,45,0.365,0.228,10.083,petya
2,0,1,0,5,0.316,0.03,0.755,normal
10,1,0,1,16,0.672,0.135,4.142,ryuk
2,1,0,0,7,0.288,0.076,0.57,normal
10,0,1,2,16,0.698,0.12,3.743,ryuk
13,0,7,3,24,0.646,0.1,7.612,lockbit
24,1,12,4,44,0.562,0.107,8.176,lockbit
11,2,8,9,33,0.444,0.259,9.716,petya
14,1,10,7,35,0.421,0.279,10.022,petya
19,3,15,13,53,0.412,0.273,9.71,petya
1,0,0,0,5,0.312,0.051,1.17,normal
0,0,0,0,3,0.252,0.069,0.782,normal
13,2,9,9,32,0.36,0.235,10.419,petya
14,2,6,3,24,0.588,0.095,8.047,lockbit
15,2,7,3,26,0.575,0.102,8.324,lockbit
9,0,1,2,12,0.724,0.168,3.779,ryuk
16,1,1,10,29,0.484,0.372,5.584,wannacry
0,0,0,0,8,0.342,0.047,0.74,normal
25,4,19,14,60,0.395,0.269,10.034,petya
12,1,10,8,34,0.405,0.249,9.614,petya
26,1,10,3,42,0.613,0.085,8.301,lockbit
15,0,10,9,38,0.353,0.266,10.223,petya
18,0,2,2,24,0.717,0.156,3.916,ryuk
3,0,1,0,6,0.282,0.03,1.057,normal
0,0,0,0,5,0.31,0.07,1.284,normal
0,0,0,0,2,0.271,0.054,0.531,normal
15,0,5,3,24,0.627,0.084,8.422,lockbit
12,2,11,10,36,0.428,0.244,10.451,petya
10,1,0,1,13,0.703,0.164,4.339,ryuk
0,1,0,0,4,0.312,0.079,0.64,normal
9,1,0,2,17,0.722,0.165,3.589,ryuk
13,0,2,2,19,0.686,0.151,4.176,ryuk
23,2,8,4,39,0.605,0.104,8.207,lockbit
17,1,12,10,45,0.381,0.227,10.365,petya
11,1,1,6,21,0.517,0.367,5.954,wannacry
17,4,2,13,39,0.537,0.377,5.606,wannacry
15,2,8,7,33,0.44,0.243,10.279,petya
20,3,13,12,45,0.406,0.259,10.113,petya
23,2,10,3,37,0.59,0.121,8.0,lockbit
3,0,0,0,5,0.25,0.04,0.898,normal
13,2,3,4,21,0.743,0.162,4.246,ryuk
12,3,1,9,28,0.51,0.35,6.476,wannacry
26,2,10,3,47,0.569,0.106,8.177,lockbit
15,1,1,10,26,0.493,0.379,5.568,wannacry
9,0,0,1,13,0.713,0.155,3.87,ryuk
10,3,1,8,24,0.459,0.369,6.394,wannacry
3,1,0,0,4,0.254,0.057,0.837,normal
19,1,2,3,29,0.678,0.165,3.531,ryuk
1,0,1,0,5,0.28,0.065,0.548,normal
10,3,0,7,23,0.517,0.364,6.075,wannacry
8,0,2,1,15,0.66,0.134,3.503,ryuk
1,0,1,0,6,0.332,0.073,0.728,normal
1,0,1,1,5,0.253,0.076,0.552,normal
1,0,1,0,7,0.261,0.075,1.377,normal
13,2,0,7,23,0.451,0.375,6.476,wannacry
18,1,14,12,44,0.397,0.243,10.321,petya
16,0,2,3,26,0.719,0.12,3.928,ryuk
8,3,1,6,21,0.468,0.371,6.383,wannacry
12,2,0,8,24,0.467,0.373,6.057,wannacry
13,1,3,2,21,0.701,0.17,3.944,ryuk
1,1,1,0,1,0.271,0.027,0.77,normal
10,0,2,1,14,0.719,0.166,3.745,ryuk
17,2,1,4,25,0.722,0.157,3.547,ryuk
14,1,6,1,21,0.615,0.107,7.81,lockbit
14,2,7,1,27,0.599,0.082,8.127,lockbit
6,1,0,4,16,0.488,0.326,6.031,wannacry
26,2,12,5,48,0.57,0.096,7.909,lockbit
15,2,2,4,21,0.71,0.159,4.258,ryuk
1,1,0,0,7,0.31,0.022,0.864,normal
9,1,9,7,27,0.406,0.261,10.464,petya
10,0,2,0,12,0.715,0.14,4.28,ryuk
22,2,15,12,50,0.423,0.232,9.933,petya
23,1,16,13,55,0.429,0.262,9.706,petya
30,2,11,4,49,0.631,0.113,7.749,lockbit
17,1,2,4,27,0.745,0.155,3.866,ryuk
24,0,10,2,39,0.618,0.101,8.282,lockbit
26,3,12,5,44,0.607,0.125,8.468,lockbit
19,3,12,10,43,0.365,0.221,10.369,petya
25,2,16,13,58,0.401,0.262,9.977,petya
20,2,9,4,34,0.576,0.113,7.69,lockbit
14,0,2,1,19,0.706,0.128,3.651,ryuk
20,2,2,3,29,0.656,0.17,4.285,ryuk
13,4,1,9,30,0.509,0.349,5.633,wannacry
10,2,0,7,19,0.495,0.345,6.435,wannacry
9,0,7,7,27,0.361,0.254,9.749,petya
19,2,1,2,25,0.684,0.161,3.52,ryuk
15,0,7,2,26,0.599,0.113,8.438,lockbit
17,2,6,1,28,0.597,0.086,8.319,lockbit
21,2,7,2,32,0.637,0.127,7.905,lockbit
3,0,1,0,8,0.325,0.068,1.325,normal
27,2,12,3,46,0.569,0.119,8.303,lockbit
17,2,13,12,47,0.421,0.261,9.853,petya
3,0,0,0,4,0.293,0.036,1.289,normal
0,1,0,0,5,0.267,0.077,0.945,normal
0,0,0,0,5,0.344,0.025,1.431,normal
22,3,16,14,55,0.358,0.248,10.248,petya
21,2,0,13,38,0.47,0.349,6.242,wannacry
19,3,15,13,48,0.356,0.25,10.371,petya
2,0,1,1,1,0.313,0.074,0.816,normal
1,0,0,0,2,0.274,0.042,0.727,normal
23,0,8,4,35,0.55,0.101,7.844,lockbit
10,0,1,2,18,0.68,0.123,4.097,ryuk
21,1,9,2,33,0.617,0.108,8.306,lockbit
16,4,2,11,35,0.543,0.371,5.671,wannacry
0,0,1,0,5,0.285,0.024,1.019,normal
18,0,7,1,28,0.645,0.095,7.509,lockbit
18,1,13,11,45,0.367,0.279,9.875,petya
19,3,14,11,48,0.439,0.254,9.752,petya
15,1,1,1,19,0.663,0.121,3.55,ryuk
27,1,11,3,49,0.633,0.126,8.128,lockbit
6,1,0,5,16,0.541,0.333,5.556,wannacry
19,2,2,5,30,0.72,0.156,3.99,ryuk
18,4,2,11,32,0.489,0.378,6.197,wannacry
0,0,0,0,6,0.263,0.026,1.159,normal
23,2,15,15,56,0.448,0.236,10.193,petya
0,1,0,0,8,0.266,0.068,1.194,normal
11,3,0,6,22,0.452,0.379,5.541,wannacry
12,1,2,7,20,0.487,0.339,6.249,wannacry
13,1,1,8,25,0.549,0.352,6.485,wannacry
10,0,1,6,16,0.477,0.377,6.454,wannacry
16,3,2,11,37,0.5,0.332,6.359,wannacry
15,2,2,4,22,0.668,0.166,4.286,ryuk
18,0,1,2,26,0.675,0.151,3.515,ryuk
2,0,0,0,2,0.255,0.03,1.238,normal
18,1,14,11,47,0.413,0.238,9.915,petya
29,1,12,3,47,0.569,0.114,7.654,lockbit
10,0,0,3,14,0.693,0.128,4.414,ryuk
16,2,6,3,30,0.55,0.077,8.035,lockbit
12,1,9,9,34,0.42,0.246,10.052,petya
16,2,11,10,43,0.403,0.246,9.887,petya
0,0,1,0,3,0.306,0.064,1.116,normal
12,1,2,4,21,0.746,0.133,4.214,ryuk
0,1,0,0,3,0.349,0.061,0.946,normal
0,1,1,0,6,0.262,0.074,0.566,normal
17,0,1,2,22,0.704,0.144,3.81,ryuk
16,3,2,11,33,0.546,0.357,6.057,wannacry
29,1,13,4,48,0.591,0.088,8.248,lockbit
12,2,10,7,35,0.411,0.23,9.521,petya
1,1,0,0,3,0.321,0.029,1.076,normal
1,0,0,1,5,0.303,0.063,1.39,normal
15,2,12,9,43,0.381,0.239,9.561,petya
27,2,11,5,47,0.584,0.124,8.441,lockbit
11,3,1,7,24,0.479,0.342,6.164,wannacry
15,0,6,1,23,0.59,0.117,8.441,lockbit
12,1,5,2,21,0.625,0.128,7.574,lockbit
11,2,6,2,22,0.552,0.106,7.777,lockbit
5,1,2,1,10,0.679,0.136,4.263,ryuk
25,3,16,13,59,0.389,0.261,10.195,petya
18,4,0,12,34,0.502,0.324,5.681,wannacry
2,0,0,1,8,0.277,0.055,0.861,normal
16,2,2,11,31,0.459,0.349,6.191,wannacry
16,2,9,7,35,0.425,0.226,9.821,petya
20,0,1,3,29,0.69,0.144,4.061,ryuk
11,0,1,1,18,0.714,0.139,4.156,ryuk
27,1,12,3,49,0.602,0.074,7.692,lockbit
1,1,1,0,6,0.271,0.031,0.537,normal
22,2,7,4,35,0.554,0.094,8.149,lockbit
0,0,1,1,2,0.27,0.063,1.29,normal
9,0,1,3,15,0.652,0.144,4.486,ryuk
18,3,13,12,44,0.436,0.273,9.797,petya
23,2,11,5,43,0.629,0.106,7.993,lockbit
5,0,0,1,11,0.747,0.157,4.481,ryuk
20,0,9,4,38,0.591,0.083,8.466,lockbit
17,1,6,2,27,0.557,0.127,7.723,lockbit
11,1,2,9,24,0.477,0.322,5.956,wannacry
12,2,2,9,23,0.538,0.323,5.757,wannacry
24,3,10,4,41,0.63,0.078,8.403,lockbit
18,2,3,5,29,0.675,0.156,3.708,ryuk
3,0,0,0,4,0.267,0.073,0.927,normal
16,0,7,3,24,0.598,0.099,7.62,lockbit
14,1,1,2,21,0.742,0.161,4.311,ryuk
12,2,2,4,21,0.66,0.167,4.032,ryuk
12,0,5,3,23,0.592,0.073,7.789,lockbit
12,3,0,9,29,0.495,0.33,5.68,wannacry
0,0,0,0,2,0.331,0.077,1.486,normal
13,0,8,8,31,0.394,0.223,10.045,petya
22,1,16,14,52,0.419,0.227,9.565,petya
15,1,12,9,42,0.415,0.261,10.383,petya
21,0,10,3,37,0.595,0.12,8.462,lockbit
20,0,2,4,29,0.705,0.177,4.499,ryuk
19,3,14,12,50,0.425,0.23,10.065,petya
3,1,1,1,5,0.342,0.034,1.26,normal
18,2,12,11,42,0.364,0.245,10.381,petya
2,0,0,0,4,0.314,0.023,0.758,normal
30,1,12,5,47,0.65,0.113,7.614,lockbit
7,0,1,5,15,0.467,0.343,6.117,wannacry
20,1,1,4,28,0.725,0.176,3.817,ryuk
15,1,1,3,19,0.662,0.142,3.755,ryuk
22,2,8,2,38,0.641,0.118,7.566,lockbit
18,1,13,11,45,0.42,0.273,10.416,petya
15,3,11,11,40,0.434,0.248,9.774,petya
20,3,1,14,39,0.454,0.323,6.124,wannacry
12,3,2,8,20,0.531,0.32,6.425,wannacry
19,2,9,3,33,0.582,0.105,7.567,lockbit
20,2,2,5,28,0.745,0.156,3.72,ryuk
17,1,7,2,30,0.594,0.105,8.476,lockbit
15,2,6,2,28,0.556,0.099,8.035,lockbit
9,0,2,3,14,0.712,0.17,3.658,ryuk
20,2,1,3,29,0.689,0.157,3.544,ryuk
0,0,0,0,4,0.339,0.036,0.515,normal
11,1,0,1,16,0.682,0.178,3.848,ryuk
0,0,0,1,2,0.289,0.031,1.254,normal
25,3,11,4,46,0.633,0.084,8.024,lockbit
18,2,14,10,45,0.357,0.272,10.133,petya
18,2,15,13,49,0.412,0.28,10.235,petya
26,1,10,3,45,0.575,0.125,7.613,lockbit
1,0,0,0,3,0.309,0.074,0.685,normal
22,3,15,11,51,0.354,0.239,10.264,petya
13,2,1,10,30,0.534,0.349,6.17,wannacry
11,1,1,1,17,0.721,0.155,4.39,ryuk
11,3,0,6,21,0.539,0.361,5.784,wannacry
1,0,0,0,6,0.304,0.051,1.348,normal
16,4,0,11,31,0.49,0.36,6.392,wannacry
0,0,0,0,6,0.345,0.064,1.054,normal
19,3,0,13,37,0.455,0.355,5.926,wannacry
15,1,1,2,22,0.681,0.154,3.746,ryuk
10,0,1,1,13,0.689,0.163,3.57,ryuk
15,3,1,12,32,0.468,0.32,6.305,wannacry
19,2,1,11,37,0.49,0.346,6.069,wannacry
16,4,2,12,35,0.485,0.359,5.85,wannacry
15,4,2,12,34,0.533,0.362,6.424,wannacry
14,0,1,3,19,0.74,0.17,4.054,ryuk
17,4,0,10,32,0.525,0.323,6.449,wannacry
14,3,2,10,26,0.468,0.365,5.974,wannacry
12,2,4,1,22,0.604,0.097,7.709,lockbit
21,3,0,12,38,0.496,0.327,6.481,wannacry
14,1,7,2,28,0.616,0.105,7.923,lockbit
3,1,0,1,7,0.264,0.047,1.126,normal
1,0,0,1,7,0.308,0.029,1.311,normal
0,1,1,1,4,0.277,0.057,0.909,normal
0,0,0,0,3,0.323,0.069,0.714,normal
1,0,0,0,5,0.254,0.054,1.43,normal
26,3,9,5,40,0.582,0.11,7.688,lockbit
16,0,7,2,24,0.55,0.126,7.611,lockbit
12,1,11,10,36,0.403,0.242,10.126,petya
22,2,17,12,55,0.372,0.24,10.46,petya
10,1,8,7,28,0.407,0.231,10.092,petya
1,0,1,0,3,0.285,0.058,1.181,normal
6,0,1,1,10,0.746,0.151,4.234,ryuk
24,1,9,4,43,0.621,0.095,8.017,lockbit
0,0,0,0,2,0.27,0.024,0.543,normal
23,3,9,3,43,0.646,0.103,7.564,lockbit
6,0,1,1,12,0.662,0.121,4.39,ryuk
18,2,6,2,31,0.65,0.123,7.548,lockbit
12,0,6,3,20,0.571,0.084,7.78,lockbit
3,1,0,1,8,0.346,0.048,1.379,normal
16,2,0,11,34,0.526,0.338,5.915,wannacry
26,2,11,3,42,0.592,0.079,8.164,lockbit
24,2,10,3,41,0.553,0.077,8.133,lockbit
9,2,0,5,18,0.522,0.337,5.684,wannacry
11,0,10,8,32,0.405,0.247,9.516,petya
0,0,0,0,5,0.276,0.059,0.698,normal
15,1,3,3,25,0.725,0.152,3.869,ryuk
16,2,13,12,46,0.391,0.224,9.905,petya
19,2,3,4,29,0.689,0.143,4.14,ryuk
22,0,3,4,30,0.666,0.159,4.036,ryuk
15,3,0,11,32,0.519,0.377,6.183,wannacry
13,2,0,7,25,0.494,0.37,5.661,wannacry
7,0,0,6,16,0.493,0.327,5.53,wannacry
27,2,11,3,42,0.639,0.074,7.95,lockbit
11,1,8,7,32,0.446,0.222,9.578,petya
22,3,17,16,60,0.394,0.258,9.621,petya
2,0,0,1,4,0.31,0.052,0.703,normal
15,2,3,2,24,0.661,0.14,4.465,ryuk
21,1,15,13,53,0.403,0.227,10.049,petya
14,2,2,10,32,0.55,0.323,6.079,wannacry
15,2,1,11,29,0.513,0.352,6.083,wannacry
16,2,2,4,26,0.745,0.175,3.554,ryuk
16,2,7,3,31,0.604,0.126,8.335,lockbit
27,1,12,3,47,0.647,0.112,7.571,lockbit
11,1,2,9,27,0.466,0.367,6.234,wannacry
17,1,12,10,43,0.363,0.227,9.548,petya
15,2,0,11,33,0.541,0.357,6.046,wannacry
23,2,11,4,40,0.564,0.1,7.714,lockbit
18,1,7,2,30,0.588,0.074,8.414,lockbit
13,1,5,1,24,0.632,0.102,8.36,lockbit
23,1,17,13,57,0.446,0.273,9.905,petya
10,2,2,7,20,0.505,0.376,6.371,wannacry
9,2,7,7,26,0.409,0.275,10.248,petya
17,2,2,12,39,0.491,0.363,5.885,wannacry
14,3,13,11,41,0.359,0.227,10.215,petya
9,1,0,6,17,0.469,0.348,6.252,wannacry
16,0,2,2,22,0.701,0.177,4.048,ryuk
11,0,0,1,17,0.698,0.133,4.353,ryuk
15,2,6,2,27,0.647,0.113,8.425,lockbit
24,2,10,2,39,0.624,0.113,7.636,lockbit
17,2,9,2,32,0.615,0.088,7.96,lockbit
2,0,0,0,6,0.281,0.059,0.696,normal
12,1,1,4,21,0.72,0.167,3.83,ryuk
11,2,1,6,22,0.544,0.325,5.754,wannacry
1,0,0,0,3,0.29,0.038,0.732,normal
18,0,2,2,23,0.708,0.124,4.155,ryuk
18,3,13,12,44,0.367,0.255,9.754,petya
8,2,1,6,18,0.502,0.356,5.745,wannacry
10,0,2,3,16,0.682,0.136,4.467,ryuk
20,1,7,3,34,0.567,0.114,7.803,lockbit
17,1,2,3,27,0.699,0.15,4.121,ryuk
23,2,18,13,59,0.436,0.23,9.766,petya
7,1,0,0,11,0.707,0.143,3.826,ryuk
0,0,0,0,2,0.332,0.071,0.712,normal
19,1,16,11,50,0.44,0.267,10.082,petya
16,1,12,8,39,0.445,0.271,9.888,petya
14,1,3,2,23,0.692,0.165,3.893,ryuk
18,2,13,9,40,0.435,0.258,10.422,petya
18,0,2,5,28,0.676,0.175,3.629,ryuk
20,1,1,5,28,0.662,0.138,4.46,ryuk
0,0,0,1,7,0.319,0.023,1.17,normal
19,2,16,11,50,0.412,0.247,10.067,petya
20,2,8,4,35,0.579,0.105,7.609,lockbit
13,2,1,7,25,0.486,0.34,5.888,wannacry
19,2,16,12,50,0.399,0.238,9.826,petya
17,2,14,10,46,0.386,0.228,9.957,petya
29,2,12,4,45,0.578,0.128,7.822,lockbit
17,1,2,5,28,0.685,0.124,4.173,ryuk
15,3,2,10,29,0.533,0.353,5.555,wannacry
13,0,0,1,17,0.713,0.173,3.926,ryuk
1,1,1,0,7,0.346,0.032,1.023,normal
13,1,3,4,20,0.72,0.121,4.356,ryuk
0,0,0,1,5,0.339,0.05,0.949,normal
19,4,2,13,39,0.544,0.341,5.744,wannacry
18,1,11,9,41,0.387,0.272,9.713,petya
27,2,13,4,48,0.568,0.092,7.932,lockbit
24,1,16,13,57,0.355,0.241,9.588,petya
17,1,13,10,44,0.366,0.261,9.52,petya
15,1,13,11,43,0.357,0.259,9.62,petya
15,0,7,1,24,0.616,0.125,8.374,lockbit
0,0,0,0,6,0.28,0.026,0.553,normal
16,2,1,3,20,0.666,0.121,4.282,ryuk
18,2,1,4,26,0.739,0.155,4.418,ryuk
15,2,2,10,30,0.519,0.327,6.439,wannacry
19,2,9,2,34,0.619,0.096,8.445,lockbit
0,1,0,1,3,0.261,0.079,0.943,normal
7,0,1,1,13,0.721,0.138,4.081,ryuk
0,1,0,0,5,0.327,0.076,0.938,normal
19,3,2,13,40,0.515,0.323,6.446,wannacry
22,3,19,15,60,0.38,0.246,10.028,petya
15,3,1,12,33,0.504,0.378,5.567,wannacry
0,1,1,1,2,0.261,0.047,0.96,normal
21,0,8,3,36,0.569,0.09,8.228,lockbit
12,0,7,2,24,0.576,0.113,7.715,lockbit
12,2,2,2,20,0.696,0.163,4.236,ryuk
8,0,1,1,12,0.686,0.137,4.001,ryuk
10,0,2,2,12,0.657,0.179,4.344,ryuk
20,1,2,3,26,0.675,0.175,4.275,ryuk
20,2,15,14,55,0.39,0.259,9.851,petya
21,2,8,4,38,0.564,0.071,8.308,lockbit
12,2,3,3,20,0.72,0.173,4.136,ryuk
12,0,7,6,28,0.424,0.26,9.728,petya
4,1,0,0,7,0.315,0.037,1.316,normal
17,4,0,11,35,0.536,0.371,5.86,wannacry
13,1,9,7,33,0.367,0.233,9.628,petya
3,1,0,1,6,0.348,0.04,0.682,normal
15,2,1,2,21,0.677,0.161,4.292,ryuk
20,3,12,12,45,0.39,0.248,10.407,petya
17,2,2,11,31,0.482,0.333,5.569,wannacry
20,1,14,11,49,0.367,0.241,9.876,petya
0,0,0,0,8,0.272,0.046,1.219,normal
17,0,6,3,30,0.577,0.123,7.541,lockbit
0,0,0,0,2,0.277,0.053,1.151,normal
11,3,0,9,26,0.463,0.323,6.345,wannacry
18,2,2,3,27,0.706,0.135,3.639,ryuk
2,1,1,1,2,0.261,0.054,0.757,normal
24,1,9,3,41,0.598,0.088,7.759,lockbit
7,1,0,1,12,0.687,0.174,4.417,ryuk
27,2,10,5,46,0.648,0.125,8.286,lockbit
13,0,2,3,19,0.685,0.148,3.834,ryuk
15,1,5,3,25,0.578,0.104,7.588,lockbit
4,1,0,1,8,0.285,0.061,1.066,normal
16,2,0,11,30,0.495,0.379,5.5,wannacry
7,0,2,2,12,0.737,0.175,4.17,ryuk
10,1,8,7,25,0.446,0.273,9.669,petya
31,1,12,4,50,0.609,0.11,8.304,lockbit
22,2,18,16,60,0.405,0.238,9.698,petya
18,0,6,2,28,0.592,0.128,8.099,lockbit
14,2,3,3,24,0.69,0.166,3.538,ryuk
13,3,0,10,30,0.472,0.376,5.966,wannacry
1,0,0,0,1,0.289,0.036,1.329,normal
15,1,8,9,33,0.383,0.239,9.883,petya
11,0,1,1,19,0.685,0.163,4.267,ryuk
18,3,1,12,33,0.484,0.328,5.892,wannacry
23,3,10,4,41,0.559,0.127,7.759,lockbit
13,1,10,8,32,0.449,0.28,9.615,petya
21,2,17,15,57,0.428,0.279,10.031,petya
14,1,1,1,18,0.653,0.166,4.122,ryuk
0,0,0,0,8,0.291,0.044,0.566,normal
15,0,2,2,19,0.72,0.177,3.679,ryuk
13,3,0,10,30,0.507,0.331,5.64,wannacry
15,3,2,11,32,0.484,0.372,5.655,wannacry
9,0,1,0,12,0.737,0.134,3.581,ryuk
1,0,0,0,8,0.287,0.042,0.974,normal
14,0,6,3,25,0.633,0.099,8.263,lockbit
16,2,0,12,37,0.488,0.368,5.933,wannacry
12,0,1,2,17,0.711,0.141,3.834,ryuk
5,0,1,2,11,0.656,0.169,3.801,ryuk
26,2,10,5,47,0.557,0.112,7.903,lockbit
16,4,0,12,33,0.49,0.364,5.846,wannacry
16,1,12,9,40,0.438,0.225,9.944,petya
8,2,1,5,19,0.453,0.353,6.02,wannacry
21,1,16,14,58,0.393,0.249,9.638,petya
14,4,0,11,32,0.476,0.348,5.633,wannacry
9,1,0,5,18,0.475,0.379,5.791,wannacry
16,1,7,3,24,0.596,0.119,8.183,lockbit
7,0,2,2,13,0.672,0.153,3.641,ryuk
13,2,2,10,30,0.52,0.357,5.7,wannacry
9,2,0,8,20,0.544,0.327,6.375,wannacry
15,3,13,9,40,0.446,0.255,10.409,petya
4,0,0,0,7,0.255,0.054,0.784,normal
13,1,0,9,24,0.506,0.341,5.635,wannacry
0,0,1,1,8,0.28,0.038,0.73,normal
13,1,6,1,23,0.559,0.128,8.216,lockbit
19,3,15,11,51,0.418,0.247,9.742,petya
13,1,5,3,20,0.585,0.115,7.938,lockbit
20,2,2,3,30,0.704,0.161,4.179,ryuk
30,3,13,5,50,0.56,0.071,7.556,lockbit
21,1,15,14,53,0.435,0.261,10.454,petya
23,2,17,15,59,0.445,0.225,9.596,petya
20,2,4,5,30,0.692,0.154,3.929,ryuk
14,2,13,9,42,0.392,0.244,10.013,petya
20,1,2,4,30,0.652,0.134,3.976,ryuk
8,1,0,6,15,0.511,0.34,5.692,wannacry
14,2,5,1,23,0.648,0.106,8.21,lockbit
10,3,1,6,21,0.501,0.361,6.337,wannacry
13,2,4,3,20,0.57,0.095,7.886,lockbit
14,3,2,10,29,0.519,0.375,6.139,wannacry
15,2,1,2,21,0.695,0.14,4.308,ryuk
6,0,0,6,17,0.505,0.325,5.877,wannacry
5,0,1,1,11,0.74,0.128,3.893,ryuk
2,0,0,0,1,0.306,0.053,0.594,normal
16,2,13,12,47,0.374,0.277,9.857,petya
0,1,1,0,4,0.299,0.051,0.928,normal
30,3,11,4,47,0.585,0.08,8.122,lockbit
15,2,12,9,37,0.426,0.251,9.704,petya
18,2,0,11,35,0.525,0.334,5.644,wannacry
10,1,2,9,23,0.534,0.321,6.204,wannacry
20,1,3,5,30,0.68,0.141,4.406,ryuk
2,1,0,0,4,0.296,0.067,1.46,normal
8,2,0,5,17,0.489,0.368,6.402,wannacry
25,2,10,4,43,0.627,0.074,7.979,lockbit
2,0,1,0,4,0.327,0.063,0.974,normal
11,1,5,3,22,0.573,0.127,8.458,lockbit
0,0,1,0,1,0.305,0.078,0.932,normal
12,1,0,3,18,0.71,0.16,4.103,ryuk
27,3,12,3,49,0.563,0.088,8.395,lockbit
17,1,14,11,48,0.405,0.262,10.436,petya
12,2,2,10,26,0.452,0.36,6.102,wannacry
12,1,9,8,29,0.441,0.232,10.113,petya
31,3,12,4,50,0.562,0.129,8.281,lockbit
15,0,10,8,37,0.367,0.267,10.148,petya
6,2,0,5,17,0.524,0.33,5.62,wannacry
20,1,13,11,47,0.427,0.268,10.379,petya
0,0,0,0,6,0.282,0.071,1.406,normal
14,1,2,1,19,0.731,0.167,3.715,ryuk
13,1,1,2,19,0.678,0.158,4.108,ryuk
3,0,1,1,7,0.321,0.024,0.647,normal
0,0,0,0,1,0.295,0.059,1.026,normal
0,0,1,1,6,0.305,0.062,1.469,normal
12,0,1,2,18,0.712,0.17,4.183,ryuk
1,1,0,1,2,0.274,0.063,1.356,normal
28,1,10,3,45,0.611,0.104,7.554,lockbit
13,2,6,3,24,0.641,0.103,8.027,lockbit
12,1,7,2,24,0.556,0.099,8.189,lockbit
2,0,0,0,3,0.286,0.068,0.593,normal
13,0,12,8,37,0.368,0.228,9.626,petya
16,0,3,3,23,0.701,0.143,3.94,ryuk
7,1,0,2,13,0.743,0.162,4.248,ryuk
15,3,1,10,30,0.507,0.328,6.438,wannacry
16,3,1,10,34,0.526,0.357,5.577,wannacry
21,2,16,14,53,0.413,0.275,9.774,petya
23,3,9,3,43,0.617,0.089,7.881,lockbit
9,2,0,6,18,0.493,0.347,6.119,wannacry
22,3,15,13,50,0.417,0.222,9.877,petya
20,1,7,4,33,0.577,0.119,7.555,lockbit
18,5,3,15,40,0.49,0.37,6.315,wannacry
22,2,10,4,40,0.64,0.125,8.443,lockbit
11,1,9,7,33,0.392,0.229,10.458,petya
17,3,13,10,45,0.381,0.277,10.284,petya
17,2,1,13,37,0.544,0.361,5.619,wannacry
1,0,0,1,4,0.315,0.075,1.35,normal
16,0,3,3,27,0.735,0.149,3.537,ryuk
23,1,3,3,30,0.741,0.132,3.889,ryuk
21,2,0,12,39,0.527,0.328,5.968,wannacry
24,0,8,4,39,0.636,0.11,7.715,lockbit
29,3,11,4,50,0.642,0.104,7.864,lockbit
9,0,1,1,12,0.697,0.132,3.708,ryuk
16,1,12,11,42,0.402,0.259,10.028,petya
18,5,2,13,40,0.451,0.363,6.206,wannacry
18,1,13,11,43,0.394,0.261,9.675,petya
7,0,2,1,12,0.677,0.146,4.296,ryuk
29,3,11,3,46,0.639,0.092,7.643,lockbit
18,1,3,3,28,0.691,0.126,4.406,ryuk
2,0,1,1,3,0.324,0.053,1.087,normal
15,1,3,4,24,0.743,0.17,3.609,ryuk
18,4,0,13,38,0.49,0.368,6.092,wannacry
11,0,10,8,33,0.369,0.249,10.298,petya
0,0,0,1,2,0.314,0.045,0.525,normal
0,0,1,0,1,0.335,0.065,0.909,normal
0,1,0,1,3,0.308,0.072,1.481,normal
23,3,9,4,43,0.633,0.115,7.983,lockbit
0,1,1,0,1,0.29,0.033,0.918,normal
6,0,1,2,11,0.72,0.166,3.941,ryuk
9,1,2,7,22,0.46,0.375,6.321,wannacry
19,4,2,10,34,0.516,0.358,6.093,wannacry
0,0,0,0,3,0.319,0.046,0.746,normal
16,2,2,12,33,0.541,0.343,6.131,wannacry
11,2,0,7,18,0.518,0.376,6.497,wannacry
22,2,10,3,38,0.637,0.078,8.178,lockbit
3,0,0,0,8,0.257,0.02,1.437,normal
20,2,8,2,32,0.552,0.123,8.466,lockbit
15,2,2,12,33,0.545,0.363,6.43,wannacry
10,0,0,6,17,0.479,0.353,5.633,wannacry
7,1,0,7,19,0.475,0.324,5.959,wannacry
8,0,2,1,11,0.661,0.132,3.648,ryuk
20,1,8,4,34,0.595,0.128,7.877,lockbit
29,1,12,5,47,0.563,0.071,8.19,lockbit
17,0,1,2,24,0.726,0.139,3.96,ryuk
15,0,3,2,24,0.654,0.121,3.619,ryuk
19,1,3,5,29,0.741,0.12,4.236,ryuk
12,0,1,1,16,0.655,0.124,3.805,ryuk
18,0,8,3,34,0.561,0.105,7.541,lockbit
31,3,13,4,49,0.567,0.097,7.71,lockbit
18,3,15,13,49,0.436,0.25,9.628,petya
30,1,12,5,47,0.604,0.125,8.4,lockbit
19,0,7,2,31,0.556,0.092,8.006,lockbit
22,1,10,4,41,0.606,0.071,7.581,lockbit
14,0,9,7,35,0.444,0.267,9.652,petya
13,3,1,8,27,0.513,0.344,6.252,wannacry
0,0,1,1,3,0.292,0.065,0.571,normal
11,1,1,2,13,0.688,0.179,3.53,ryuk
11,1,1,3,14,0.667,0.151,3.761,ryuk
8,2,8,6,25,0.402,0.252,10.018,petya
2,0,0,1,4,0.299,0.044,1.031,normal
20,3,14,13,52,0.357,0.254,10.059,petya
13,0,9,8,33,0.371,0.237,10.41,petya
16,0,3,2,22,0.735,0.161,3.518,ryuk
22,2,18,15,58,0.445,0.238,9.726,petya
10,2,2,7,25,0.47,0.341,5.836,wannacry
3,0,0,1,7,0.3,0.044,1.453,normal
19,4,1,13,35,0.529,0.345,5.668,wannacry
0,1,1,0,1,0.263,0.022,1.421,normal
14,0,7,1,26,0.569,0.113,8.164,lockbit
1,0,0,1,2,0.269,0.023,0.878,normal
14,3,11,11,40,0.408,0.235,9.809,petya
9,0,0,5,16,0.523,0.327,6.281,wannacry
14,2,6,1,20,0.567,0.105,8.475,lockbit
11,0,2,1,16,0.707,0.143,4.435,ryuk
0,0,0,1,2,0.345,0.035,0.859,normal
3,0,0,1,4,0.266,0.031,1.231,normal
17,1,7,2,31,0.643,0.081,7.753,lockbit
25,3,11,4,40,0.59,0.126,7.653,lockbit
29,3,11,3,49,0.627,0.086,8.434,lockbit
0,0,1,0,7,0.33,0.036,1.089,normal
2,1,0,0,3,0.321,0.054,0.972,normal
26,2,10,5,43,0.552,0.083,7.557,lockbit
0,0,0,0,5,0.296,0.079,1.471,normal
21,4,3,13,40,0.485,0.338,6.475,wannacry
16,4,0,9,31,0.55,0.337,6.038,wannacry
12,2,2,8,23,0.544,0.351,5.997,wannacry
17,2,7,1,27,0.576,0.121,8.363,lockbit
15,1,3,3,21,0.733,0.132,3.952,ryuk
8,0,1,2,15,0.732,0.142,4.102,ryuk
14,2,12,10,37,0.379,0.233,9.766,petya
17,2,0,9,31,0.518,0.377,5.796,wannacry
0,0,1,0,1,0.28,0.066,1.125,normal
12,1,3,2,21,0.65,0.177,4.314,ryuk
1,0,1,1,2,0.328,0.056,0.946,normal
16,1,14,10,45,0.399,0.265,10.021,petya
22,2,16,13,54,0.377,0.228,10.011,petya
11,0,4,1,23,0.568,0.084,7.525,lockbit
17,2,1,13,39,0.543,0.36,5.889,wannacry
29,3,11,6,50,0.614,0.076,7.936,lockbit
2,0,0,0,2,0.317,0.048,0.912,normal
25,2,18,15,59,0.427,0.255,9.811,petya
10,2,1,6,20,0.483,0.362,6.265,wannacry
20,2,15,13,50,0.366,0.226,10.021,petya
17,1,8,1,28,0.562,0.115,7.595,lockbit
12,2,2,8,23,0.478,0.329,5.813,wannacry
1,0,0,0,4,0.34,0.061,1.183,normal
19,2,14,10,44,0.442,0.258,9.673,petya
14,1,7,1,27,0.583,0.077,7.607,lockbit
17,2,3,3,27,0.738,0.14,3.79,ryuk
20,3,17,14,57,0.413,0.266,9.584,petya
23,3,9,3,41,0.59,0.121,7.932,lockbit
11,0,2,0,13,0.694,0.164,4.125,ryuk
21,1,8,3,37,0.56,0.081,7.63,lockbit
21,1,15,14,55,0.379,0.272,9.572,petya
12,1,2,3,17,0.722,0.128,3.791,ryuk
11,0,0,7,19,0.47,0.328,6.463,wannacry
17,0,1,3,26,0.739,0.134,4.429,ryuk
2,1,1,0,3,0.286,0.065,0.514,normal
4,1,1,1,8,0.266,0.076,1.308,normal
14,1,0,8,26,0.476,0.322,6.379,wannacry
17,1,2,2,26,0.659,0.18,3.768,ryuk
9,0,0,5,19,0.461,0.375,6.278,wannacry
20,2,14,12,45,0.392,0.229,10.157,petya
6,0,1,6,17,0.546,0.352,6.105,wannacry
17,2,3,2,25,0.718,0.161,4.169,ryuk
32,1,13,5,50,0.632,0.129,8.002,lockbit
18,2,14,12,45,0.351,0.266,9.607,petya
14,1,12,9,41,0.411,0.279,9.611,petya
15,0,8,8,33,0.36,0.246,9.626,petya
19,0,9,2,33,0.636,0.097,7.762,lockbit
0,1,0,0,7,0.342,0.031,0.714,normal
24,2,9,5,40,0.558,0.086,7.519,lockbit
20,4,1,12,37,0.51,0.38,5.935,wannacry
2,0,0,0,3,0.301,0.055,0.529,normal
16,2,2,13,35,0.501,0.32,6.438,wannacry
18,2,1,13,37,0.455,0.353,5.656,wannacry
24,1,10,3,41,0.578,0.081,8.004,lockbit
2,0,0,0,7,0.283,0.061,0.57,normal
24,3,15,13,56,0.39,0.267,10.315,petya
3,0,0,0,5,0.307,0.079,0.575,normal
12,2,9,7,28,0.39,0.232,9.771,petya
9,1,2,6,20,0.535,0.327,6.206,wannacry
14,1,2,2,18,0.712,0.15,4.317,ryuk
18,3,12,11,44,0.446,0.246,10.013,petya
17,1,1,3,26,0.65,0.123,3.504,ryuk
18,1,13,11,45,0.373,0.273,9.888,petya
17,2,15,13,48,0.353,0.279,9.822,petya
12,0,1,3,20,0.678,0.13,3.696,ryuk
2,0,0,0,5,0.335,0.05,0.981,normal
10,0,1,3,14,0.693,0.179,3.589,ryuk
10,1,8,7,29,0.39,0.255,10.355,petya
12,0,1,3,21,0.73,0.177,3.598,ryuk
2,0,0,0,6,0.268,0.061,0.681,normal
11,0,9,9,32,0.388,0.248,9.967,petya
0,0,1,1,2,0.284,0.069,1.103,normal
17,0,1,2,24,0.699,0.128,4.456,ryuk
0,1,0,0,2,0.327,0.041,1.325,normal
19,2,7,2,32,0.589,0.087,7.769,lockbit
6,1,0,1,12,0.744,0.152,3.825,ryuk
0,0,0,0,1,0.273,0.071,0.929,normal
13,1,2,10,26,0.531,0.371,6.498,wannacry
16,2,6,1,28,0.597,0.102,8.5,lockbit
15,1,1,8,28,0.497,0.363,5.893,wannacry
18,3,1,13,38,0.533,0.323,6.248,wannacry
18,3,1,12,34,0.49,0.328,5.659,wannacry
10,2,7,7,27,0.399,0.262,10.486,petya
2,0,1,1,3,0.298,0.052,0.552,normal
11,3,2,9,23,0.537,0.329,5.81,wannacry
9,1,6,7,25,0.447,0.264,9.75,petya
20,4,0,14,39,0.473,0.329,6.183,wannacry
21,3,2,14,40,0.472,0.356,5.765,wannacry
10,0,1,2,17,0.688,0.147,3.756,ryuk
23,2,9,4,37,0.554,0.123,7.815,lockbit
0,1,0,1,6,0.262,0.057,1.275,normal
9,0,0,1,15,0.716,0.145,4.395,ryuk
23,0,9,3,39,0.592,0.129,7.701,lockbit
20,2,1,11,36,0.518,0.366,6.451,wannacry
19,2,2,4,26,0.688,0.154,3.615,ryuk
11,2,9,8,31,0.412,0.224,10.03,petya
22,1,10,5,40,0.571,0.123,7.658,lockbit
12,2,8,8,29,0.445,0.225,10.125,petya
11,1,1,8,27,0.536,0.36,5.908,wannacry
20,3,13,11,48,0.394,0.235,10.245,petya
18,2,13,11,46,0.417,0.262,9.622,petya
4,0,0,1,8,0.276,0.056,0.551,normal
16,1,3,3,23,0.658,0.124,4.14,ryuk
0,1,0,0,1,0.264,0.036,0.766,normal
0,0,1,0,4,0.324,0.052,1.207,normal
20,3,1,12,36,0.467,0.322,5.704,wannacry
26,1,10,5,47,0.601,0.127,8.036,lockbit
26,4,18,14,60,0.394,0.253,10.018,petya
12,0,5,1,23,0.607,0.122,7.617,lockbit
22,2,14,13,50,0.421,0.257,10.144,petya
2,0,0,0,8,0.326,0.03,0.977,normal
9,0,0,4,15,0.466,0.327,5.866,wannacry
16,2,6,3,31,0.632,0.104,7.68,lockbit
8,2,0,5,19,0.53,0.379,6.106,wannacry
2,0,1,0,1,0.282,0.077,1.451,normal
22,2,9,5,41,0.585,0.115,8.394,lockbit
8,1,8,7,27,0.419,0.237,10.35,petya
9,1,2,8,22,0.524,0.321,5.748,wannacry
0,0,1,1,5,0.32,0.044,0.928,normal
19,2,7,4,34,0.636,0.099,8.495,lockbit
2,0,1,0,1,0.263,0.045,1.29,normal
10,0,0,0,12,0.694,0.122,3.82,ryuk
25,1,12,5,44,0.597,0.123,8.141,lockbit
20,2,3,5,27,0.654,0.157,4.063,ryuk
31,3,11,5,50,0.623,0.076,8.451,lockbit
20,4,1,14,40,0.474,0.334,5.568,wannacry
17,0,7,2,27,0.594,0.11,7.815,lockbit
17,1,13,11,43,0.363,0.279,9.758,petya
2,0,1,0,4,0.305,0.023,1.133,normal
12,1,11,8,35,0.422,0.254,10.475,petya
14,0,2,1,19,0.735,0.15,4.248,ryuk
14,2,5,1,26,0.578,0.08,7.664,lockbit
13,3,1,9,28,0.531,0.338,6.462,wannacry
14,2,1,4,21,0.66,0.176,3.875,ryuk
24,3,16,15,56,0.36,0.265,10.096,petya
11,3,2,7,21,0.462,0.32,6.212,wannacry
7,1,2,1,13,0.681,0.176,3.748,ryuk
0,1,1,0,6,0.299,0.021,0.969,normal
1,0,1,0,2,0.284,0.076,0.725,normal
21,1,9,2,34,0.599,0.098,7.99,lockbit
20,2,3,4,27,0.733,0.179,4.057,ryuk
19,4,1,13,35,0.547,0.343,5.562,wannacry
21,1,15,13,50,0.394,0.267,10.318,petya
9,3,2,7,20,0.451,0.347,5.584,wannacry
21,2,17,12,55,0.435,0.271,10.012,petya
9,0,2,3,14,0.659,0.17,4.356,ryuk
19,1,9,3,35,0.602,0.081,7.962,lockbit
3,0,0,0,7,0.309,0.061,1.289,normal
17,0,2,4,24,0.739,0.176,4.307,ryuk
16,2,0,10,29,0.49,0.38,6.369,wannacry
22,0,3,4,29,0.693,0.177,3.715,ryuk
0,0,1,0,7,0.285,0.041,1.238,normal
14,1,11,9,41,0.408,0.276,10.368,petya
17,2,0,11,30,0.475,0.373,5.59,wannacry
9,0,0,7,18,0.518,0.342,6.442,wannacry
0,1,0,1,3,0.297,0.024,1.062,normal
15,1,1,9,28,0.503,0.322,6.139,wannacry
2,0,0,0,7,0.307,0.021,0.982,normal
9,1,7,7,28,0.413,0.224,9.69,petya
0,0,0,1,2,0.321,0.074,1.124,normal
22,1,16,13,56,0.389,0.266,10.321,petya
0,0,0,0,5,0.347,0.028,1.208,normal
3,0,0,0,7,0.282,0.023,1.425,normal
16,2,2,2,23,0.719,0.159,3.924,ryuk
20,1,1,3,26,0.738,0.152,4.259,ryuk
0,0,0,0,4,0.296,0.034,0.803,normal
24,4,18,14,60,0.379,0.235,10.185,petya
2,0,1,0,6,0.281,0.079,0.675,normal
15,1,12,11,42,0.373,0.252,10.196,petya
3,0,0,0,7,0.282,0.068,0.771,normal
11,0,1,6,18,0.485,0.357,5.524,wannacry
11,2,0,9,24,0.496,0.335,6.252,wannacry
23,3,15,14,53,0.374,0.273,9.699,petya
22,1,3,3,29,0.727,0.174,3.909,ryuk
30,2,13,5,50,0.572,0.111,8.303,lockbit
11,1,6,2,21,0.587,0.099,7.814,lockbit
2,1,1,0,2,0.263,0.044,1.297,normal
21,2,8,2,39,0.618,0.103,7.733,lockbit
18,2,2,12,39,0.538,0.323,5.731,wannacry
10,0,0,3,15,0.729,0.145,4.301,ryuk
15,0,7,1,27,0.593,0.098,7.657,lockbit
0,1,0,0,3,0.276,0.059,1.096,normal
0,0,0,0,3,0.314,0.053,0.591,normal
12,2,11,7,34,0.362,0.227,9.572,petya
16,2,12,11,44,0.437,0.223,10.389,petya
17,2,1,9,31,0.499,0.338,6.096,wannacry
16,3,0,11,37,0.491,0.369,6.395,wannacry
2,1,0,0,8,0.289,0.05,0.897,normal
3,1,0,0,6,0.291,0.066,1.404,normal
26,2,11,3,44,0.634,0.099,8.159,lockbit
25,2,10,3,43,0.562,0.075,8.027,lockbit
16,0,7,2,27,0.569,0.096,8.085,lockbit
9,2,6,7,26,0.444,0.274,9.848,petya
15,4,2,9,30,0.495,0.348,5.577,wannacry
10,1,0,5,17,0.478,0.333,5.788,wannacry
23,0,10,4,39,0.633,0.116,7.851,lockbit
7,2,0,6,15,0.53,0.379,6.098,wannacry
3,0,0,1,5,0.264,0.06,0.502,normal
13,1,5,1,23,0.611,0.105,8.048,lockbit
30,2,11,5,50,0.591,0.09,8.245,lockbit
25,2,10,5,45,0.565,0.098,8.004,lockbit
18,2,14,12,49,0.442,0.252,9.6,petya
25,3,11,5,40,0.589,0.11,7.716,lockbit
14,2,3,3,21,0.655,0.135,4.295,ryuk
18,2,11,9,43,0.407,0.266,10.428,petya
21,3,15,13,50,0.359,0.259,10.116,petya
13,0,10,7,34,0.445,0.266,10.432,petya
0,0,1,0,6,0.32,0.055,1.086,normal
17,1,2,3,27,0.721,0.129,4.415,ryuk
24,2,18,13,59,0.36,0.245,10.357,petya
22,3,14,11,50,0.413,0.243,10.409,petya
28,1,13,4,49,0.636,0.079,7.952,lockbit
17,2,1,12,34,0.488,0.346,6.094,wannacry
14,2,1,10,26,0.51,0.35,5.85,wannacry
18,1,13,10,40,0.433,0.275,9.754,petya
13,0,11,10,38,0.446,0.27,9.964,petya
2,0,1,0,2,0.269,0.057,0.824,normal
16,0,6,2,29,0.619,0.112,7.86,lockbit
1,0,0,1,7,0.316,0.053,0.587,normal
10,0,2,1,15,0.697,0.143,3.751,ryuk
16,0,3,4,22,0.685,0.131,4.147,ryuk
2,1,0,0,8,0.285,0.041,0.532,normal
13,1,1,3,18,0.731,0.135,4.115,ryuk
13,1,9,7,28,0.407,0.279,9.791,petya
13,1,11,9,35,0.371,0.269,10.274,petya
8,2,1,4,17,0.482,0.378,6.392,wannacry
16,2,10,8,38,0.393,0.255,10.257,petya
4,1,1,0,7,0.289,0.047,0.727,normal
13,2,10,9,35,0.404,0.252,9.792,petya
2,0,1,0,1,0.261,0.076,1.474,normal
14,2,2,4,24,0.651,0.121,3.961,ryuk
7,0,1,2,12,0.661,0.153,4.209,ryuk
12,2,2,7,20,0.526,0.337,5.818,wannacry
7,1,2,0,12,0.659,0.137,4.281,ryuk
18,1,2,3,24,0.652,0.159,3.935,ryuk
21,1,8,4,35,0.641,0.077,8.146,lockbit
11,1,9,7,29,0.428,0.24,9.88,petya
12,3,0,7,21,0.487,0.373,5.651,wannacry
14,2,9,7,32,0.4,0.241,9.9,petya
17,2,1,13,38,0.455,0.359,6.035,wannacry
0,1,1,1,1,0.257,0.045,0.811,normal
2,1,1,0,1,0.252,0.059,0.832,normal
10,1,0,2,17,0.723,0.16,3.631,ryuk
11,1,4,3,21,0.622,0.083,7.605,lockbit
11,0,9,7,27,0.431,0.27,10.302,petya
6,0,1,2,12,0.717,0.165,4.416,ryuk
23,3,9,4,42,0.564,0.097,8.061,lockbit
20,4,0,13,39,0.513,0.359,6.344,wannacry
30,3,13,4,48,0.645,0.092,7.636,lockbit
0,1,1,0,5,0.264,0.027,0.803,normal
4,0,0,0,7,0.253,0.072,0.565,normal
18,2,1,4,28,0.715,0.157,4.288,ryuk
2,1,0,0,4,0.299,0.075,1.021,normal
13,2,11,8,39,0.427,0.239,10.34,petya
20,1,3,4,26,0.749,0.124,3.546,ryuk
2,1,0,1,3,0.272,0.022,0.536,normal
0,1,1,0,2,0.292,0.043,1.436,normal
5,1,2,0,11,0.674,0.137,4.438,ryuk
8,0,9,5,27,0.405,0.249,9.546,petya
15,2,0,10,33,0.508,0.352,5.769,wannacry
19,2,1,11,35,0.526,0.339,5.911,wannacry
2,1,0,0,7,0.337,0.058,1.261,normal
19,4,0,13,37,0.456,0.369,5.792,wannacry
22,2,15,15,56,0.447,0.279,10.155,petya
23,2,17,14,54,0.422,0.246,9.642,petya
10,3,0,8,23,0.531,0.335,6.274,wannacry
17,2,1,10,32,0.469,0.375,6.054,wannacry
9,2,2,8,23,0.519,0.336,6.236,wannacry
9,1,1,2,11,0.695,0.159,4.453,ryuk
12,1,2,10,27,0.532,0.37,6.088,wannacry
0,1,1,0,6,0.313,0.066,0.503,normal
7,0,1,2,11,0.679,0.175,3.776,ryuk
21,3,15,12,52,0.407,0.233,10.257,petya
13,0,1,2,17,0.743,0.138,3.612,ryuk
16,3,12,10,46,0.406,0.252,10.224,petya
20,2,2,3,29,0.725,0.156,4.186,ryuk
21,0,3,3,28,0.683,0.127,4.07,ryuk
27,1,10,5,45,0.588,0.101,7.819,lockbit
8,1,1,6,16,0.518,0.362,6.11,wannacry
15,1,11,11,41,0.371,0.276,9.716,petya
24,2,16,13,55,0.43,0.24,10.093,petya
0,1,0,1,4,0.33,0.066,1.234,normal
1,1,1,1,8,0.309,0.068,0.976,normal
17,0,2,2,26,0.706,0.137,3.524,ryuk
25,3,11,5,42,0.645,0.108,7.935,lockbit
3,0,0,0,7,0.259,0.056,0.652,normal
13,1,2,8,24,0.475,0.371,5.984,wannacry
23,3,18,14,58,0.374,0.245,10.42,petya
12,0,1,4,21,0.662,0.166,4.428,ryuk
1,1,1,0,2,0.333,0.03,0.891,normal
1,1,0,0,4,0.323,0.038,0.826,normal
11,1,7,5,26,0.436,0.269,9.628,petya
8,0,2,0,12,0.739,0.158,4.144,ryuk
21,2,16,14,59,0.426,0.245,9.797,petya
21,2,9,4,34,0.559,0.106,7.557,lockbit
17,1,3,3,24,0.733,0.177,4.134,ryuk
28,2,13,3,49,0.617,0.073,7.827,lockbit
0,1,1,1,5,0.302,0.041,1.032,normal
0,1,1,1,4,0.264,0.031,0.998,normal
23,2,15,12,53,0.358,0.246,10.032,petya
9,1,2,7,22,0.463,0.371,5.665,wannacry
17,1,3,3,26,0.703,0.132,3.785,ryuk
16,2,2,3,27,0.725,0.145,4.017,ryuk
22,3,10,4,40,0.606,0.081,7.724,lockbit
0,0,0,1,5,0.304,0.046,0.833,normal
18,1,7,1,28,0.554,0.073,7.957,lockbit
14,1,1,3,24,0.694,0.135,4.187,ryuk
13,1,2,8,26,0.468,0.362,5.955,wannacry
9,1,1,3,14,0.748,0.141,3.761,ryuk
2,0,1,0,7,0.25,0.056,1.107,normal
8,0,0,1,11,0.739,0.173,4.355,ryuk
14,1,1,8,24,0.548,0.335,5.573,wannacry
17,4,0,11,37,0.481,0.349,6.293,wannacry
2,0,0,1,7,0.32,0.04,1.225,normal
0,1,0,1,3,0.273,0.034,0.721,normal
6,0,2,1,10,0.662,0.127,3.704,ryuk
3,1,0,1,4,0.326,0.062,0.654,normal
21,2,17,15,59,0.359,0.256,10.259,petya
16,0,3,2,26,0.729,0.143,3.6,ryuk
2,0,1,1,4,0.328,0.054,0.924,normal
4,1,1,0,8,0.265,0.04,0.934,normal
0,0,1,0,2,0.307,0.028,1.311,normal
15,0,12,10,38,0.417,0.263,10.382,petya
11,0,1,0,13,0.689,0.12,3.774,ryuk
17,1,2,3,28,0.691,0.155,3.893,ryuk
4,0,1,1,7,0.331,0.027,0.766,normal
24,2,10,2,39,0.592,0.095,7.731,lockbit
20,0,1,5,27,0.74,0.136,3.773,ryuk
27,1,11,4,47,0.61,0.118,7.657,lockbit
26,3,10,5,41,0.631,0.092,8.024,lockbit
28,2,10,3,46,0.578,0.118,7.725,lockbit
25,0,9,2,39,0.64,0.126,7.509,lockbit
6,0,1,0,11,0.686,0.133,4.429,ryuk
12,1,0,8,25,0.537,0.344,6.47,wannacry
20,2,12,10,46,0.365,0.27,9.646,petya
30,1,12,6,50,0.615,0.071,8.31,lockbit
12,0,3,2,21,0.689,0.136,3.668,ryuk
13,3,0,7,22,0.504,0.371,5.931,wannacry
20,0,3,4,28,0.747,0.145,3.765,ryuk
18,2,0,10,33,0.484,0.329,6.192,wannacry
13,2,0,6,22,0.491,0.341,5.803,wannacry
3,0,0,0,8,0.313,0.073,1.235,normal
21,1,17,15,57,0.421,0.233,9.807,petya
14,3,0,10,28,0.55,0.37,6.345,wannacry
16,2,2,10,32,0.517,0.366,5.808,wannacry
0,0,0,0,8,0.348,0.056,0.858,normal
18,3,2,10,34,0.472,0.327,6.096,wannacry
9,0,7,7,28,0.423,0.276,10.029,petya
10,1,9,7,29,0.417,0.277,9.701,petya
28,1,11,4,47,0.569,0.116,7.766,lockbit
25,2,10,4,45,0.621,0.083,8.173,lockbit
15,3,14,12,44,0.421,0.261,9.792,petya
12,0,12,8,37,0.375,0.235,10.129,petya
10,0,0,6,16,0.529,0.358,6.438,wannacry
18,2,7,4,34,0.612,0.128,7.595,lockbit
17,1,1,4,23,0.687,0.136,4.26,ryuk
2,1,0,1,8,0.295,0.036,1.497,normal
18,4,2,14,39,0.506,0.368,5.637,wannacry
7,0,2,2,11,0.658,0.142,4.189,ryuk
18,1,15,12,51,0.387,0.27,9.656,petya
2,0,0,0,4,0.27,0.073,0.787,normal
26,2,11,5,47,0.566,0.099,7.864,lockbit
9,3,2,7,23,0.516,0.345,5.902,wannacry
23,0,8,2,36,0.642,0.097,8.346,lockbit
13,1,10,9,32,0.376,0.233,10.265,petya
15,1,2,3,21,0.726,0.154,3.8,ryuk
9,0,2,1,15,0.7,0.166,3.502,ryuk
32,3,13,5,50,0.611,0.119,7.785,lockbit
0,0,0,0,4,0.328,0.057,0.984,normal
3,0,1,1,7,0.255,0.068,0.678,normal
21,1,8,2,37,0.631,0.123,7.763,lockbit
29,1,11,4,45,0.626,0.118,7.995,lockbit
15,0,7,2,27,0.568,0.113,8.206,lockbit
0,0,0,0,5,0.339,0.028,0.83,normal
0,1,0,1,3,0.273,0.056,0.879,normal
12,1,0,9,27,0.47,0.373,5.615,wannacry
19,2,15,11,48,0.376,0.236,9.911,petya
23,3,17,14,59,0.365,0.225,9.932,petya
14,2,2,11,29,0.537,0.33,5.546,wannacry
1,0,0,0,4,0.304,0.071,0.549,normal
14,2,11,10,37,0.417,0.259,9.946,petya
16,0,8,1,29,0.582,0.126,7.863,lockbit
0,1,1,0,1,0.314,0.066,1.0,normal
7,1,1,1,14,0.692,0.17,4.09,ryuk
23,2,15,14,54,0.449,0.273,9.911,petya
11,2,1,7,21,0.464,0.321,5.964,wannacry
11,0,4,2,22,0.581,0.126,8.089,lockbit
10,1,2,7,23,0.52,0.337,6.131,wannacry
10,2,1,7,24,0.5,0.337,6.235,wannacry
8,2,1,6,19,0.52,0.324,5.731,wannacry
3,0,1,0,7,0.316,0.034,0.692,normal
5,0,0,1,11,0.701,0.155,3.68,ryuk
10,1,0,6,19,0.526,0.351,6.279,wannacry
3,0,0,1,7,0.292,0.058,0.898,normal
